	0	10	20	30	40	50	60	70	80	90	100	110	120	130	140	150	160	170	180	190	200	210	220	230	240	250	260	270	280	290	300	310	320	330	340	350	360	370	380	390	400	410	420	430	440	450	460	470	480	490	500	510	520	530	540	550	560	570	580	590	600	610	620	630	640	650	660	670	680	690	700	710	720	730	740	750	760	770	780	790	800	810	820	830	840	850	860	870	880	890	900	910	920	930	940	950	960	970	980	990	1000
0	0	0	0	0	0.012281	0.0368429	0.207723	0.24211	0.43525	0.616306	1.18825	1.441	1.88957	2.69481	3.41202	4.04578	5.1588	5.64894	6.87735	8.40157	9.77254	11.6152	13.4347	14.9252	17.2224	18.5927	20.5148	22.3372	23.9675	25.1957	28.963	28.9195	32.947	33.98	36.7161	39.4717	42.1956	43.0736	45.7185	48.8629	51.8519	53.7433	55.8369	57.2726	60.5015	62.3652	65.2761	67.9021	69.1542	71.7912	72.6886	75.4578	78.1138	78.4156	80.3259	81.6488	82.4598	84.5985	85.9963	87.6787	88.5058	90.6503	91.0052	92.3308	93.4702	94.2578	95.5475	96.1657	97.1703	97.5597	98.5801	98.7247	99.8426	100.486	101.029	101.892	102.079	103.07	102.708	103.425	103.535	103.912	104.303	104.517	104.836	104.54	105.602	105.06	105.658	105.652	106.023	105.854	106.042	106.097	106.433	106.471	106.491	106.364	106.405	106.856	106.733
7	0	0.9968	1.37816	1.5812	1.69966	1.79244	1.84666	1.99414	2.33624	2.47895	2.82768	3.15266	3.48918	4.32449	4.73761	5.81975	6.79382	7.52622	8.57041	9.79029	10.9858	13.0352	14.2188	16.0876	17.8331	19.3597	20.3166	23.2583	25.0657	26.773	29.0128	32.3671	33.2098	36.4085	38.2613	40.3305	41.9647	45.7069	47.6285	49.3867	52.1071	54.6378	57.634	58.7664	61.3659	61.5184	65.1613	68.5271	69.6802	72.4939	73.4874	75.7123	77.0085	79.0999	80.6921	81.2771	83.7153	85.9502	85.6259	88.3054	88.4047	89.9466	91.442	92.3946	93.8299	94.9296	96.243	96.487	97.3512	97.9873	98.9501	99.254	100.064	100.732	101.171	100.868	101.756	102.907	102.491	103.368	104.135	104.295	104.697	104.72	105.188	105.083	105.404	105.486	105.793	105.972	105.916	105.867	106.137	106.304	106.235	106.632	106.382	106.268	106.54	106.498	106.497
14	0	1.15998	1.99394	2.50665	2.81567	3.05117	3.32947	3.44467	3.65145	4.02672	4.45954	4.86876	5.49799	5.82865	6.65173	7.62944	8.44127	9.42779	10.0295	11.4367	12.6531	14.1104	15.2783	17.3162	18.7217	20.7674	23.4146	24.3121	26.4213	28.8769	31.132	32.615	34.952	37.4918	39.6628	41.0597	44.6774	46.2392	48.1582	51.2727	53.9366	55.2648	57.1093	59.7468	61.7633	63.8452	65.6916	68.2762	70.1657	72.3232	74.574	75.1967	77.4991	79.7382	80.9972	82.8854	84.1156	85.8332	87.4509	88.9865	89.64	90.8752	92.0604	92.8511	94.9303	94.982	95.9912	96.6936	97.7703	98.0376	98.9095	99.463	100.391	100.466	100.901	101.803	101.796	102.502	103.071	103.41	103.762	104.154	104.314	104.536	104.479	105.535	105.246	105.65	105.913	105.947	105.652	106.234	106.525	106.344	106.357	106.539	106.707	106.631	106.728	106.721	106.757
21	0	1.21945	2.23078	2.99045	3.52129	3.91741	4.2612	4.63665	4.966	5.46841	5.90442	6.29391	6.60348	7.28804	8.22695	9.02447	9.41512	10.5268	11.698	12.7466	14.1022	15.9974	16.7306	19.0858	19.9975	21.3816	24.1558	26.1608	27.9	29.287	31.4039	34.402	36.6594	37.504	40.7176	42.5377	45.2317	47.8711	50.0149	51.1121	54.0934	57.2193	58.421	60.6115	61.4247	65.2271	66.561	68.5626	70.3136	72.6401	74.2457	76.2662	78.0739	79.9221	81.6266	82.4171	84.1763	84.8267	87.3481	88.923	89.8818	91.32	91.7488	93.6192	94.2647	94.9789	96.024	96.5769	97.8591	98.3066	98.7852	99.932	100.141	101.156	101.567	101.462	102.343	103.282	103.487	103.669	103.841	104.253	104.006	104.578	104.92	105.334	105.207	105.291	105.893	105.721	105.899	105.586	106.211	106.314	106.332	106.042	106.458	106.593	106.774	106.591	106.549
28	0	1.25266	2.35788	3.30388	3.99027	4.58402	5.03714	5.52359	6.08888	6.34833	6.94363	7.45585	8.04375	8.84465	9.16454	10.3245	11.1204	12.1002	12.9018	14.6698	16.0624	17.2976	18.4555	20.1774	21.8597	23.7611	24.8272	28.1436	29.0587	30.7144	33.1757	35.1816	36.5201	38.6199	42.3786	44.1008	45.431	47.9081	50.1871	52.9662	54.1818	55.9464	58.9471	61.5569	63.2711	65.194	67.7659	70.3855	70.7849	73.8816	74.5626	77.3527	78.9286	79.8238	82.0436	83.885	85.0272	86.5975	86.5727	89.3817	90.7742	91.6122	92.2894	93.4051	95.1063	96.0417	96.5773	96.8877	98.4013	97.7349	98.9769	99.8523	100.402	100.904	101.872	102.231	102.229	102.803	103.286	103.646	103.899	104.27	104.42	105.102	105.293	105.221	105.239	105.687	106.002	106.111	105.917	105.961	106.285	106.456	106.261	106.32	106.556	106.618	106.505	106.522	106.747
35	0.012281	1.25632	2.44001	3.42207	4.30675	5.02476	5.5736	6.2058	6.72325	7.30599	7.8397	8.63324	9.02251	9.87847	10.9835	11.7134	12.273	13.4498	14.4452	15.9701	17.871	18.7315	19.6777	21.5239	22.9252	24.6742	26.7437	27.9089	29.3565	32.005	33.5718	35.8679	38.0256	40.3087	42.1592	44.1593	46.1304	49.1839	50.7636	52.7412	56.0944	58.3586	59.3646	61.4952	64.0018	65.0347	68.1408	69.9342	70.8055	72.7216	75.3799	77.7328	79.345	81.3578	81.5729	84.2289	84.8153	87.6365	87.9889	89.0818	89.4985	91.807	92.1663	94.0918	93.9387	95.0356	96.2392	96.6065	97.7662	98.6308	100.23	100.028	100.114	101.734	101.155	102.436	102.535	103.371	103.261	103.96	103.816	104.269	104.484	104.936	104.963	105.158	105.605	105.6	105.859	105.821	106.284	105.887	106.336	106.603	106.408	106.561	106.413	106.701	106.667	106.589	106.783
42	0.0245619	1.27796	2.50224	3.58927	4.54193	5.34498	6.07325	6.88672	7.63338	8.11124	8.76399	9.51408	10.4554	10.886	11.6838	12.5479	13.6108	14.6579	15.949	17.0322	18.0514	20.0314	20.578	22.3813	24.764	25.5989	27.5552	29.9564	32.2424	32.7619	35.8085	37.4125	39.4675	40.5847	43.4811	45.6813	47.3196	50.0329	53.3329	53.9262	55.9023	59.2027	60.0651	62.223	63.9922	66.6734	68.5626	71.1062	72.3153	74.1805	76.305	78.1211	79.3693	81.3407	83.0529	83.8249	85.2223	86.696	89.4505	89.7916	90.7513	92.4877	93.1118	94.2238	95.1003	96.1132	96.0282	96.6172	99.0272	98.3389	99.4848	100.496	101.117	101.165	101.99	102.564	102.227	102.968	103.621	103.785	104.031	104.043	104.644	104.856	105.555	105.561	105.516	105.854	106.092	105.979	105.986	106.341	106.223	106.334	106.507	106.671	106.61	106.691	106.696	106.657	106.708
49	0.0963948	1.34191	2.62947	3.71183	4.68584	5.57347	6.44423	7.32579	8.04994	8.83404	9.47339	10.0651	11.1315	12.1238	12.7188	13.7523	14.7611	15.4849	17.1029	18.5483	19.0052	20.7717	22.2733	23.9321	25.2728	27.1425	28.6801	31.1736	32.7101	33.1107	36.9569	38.1913	39.8907	42.6587	44.6083	46.3074	47.9333	50.3147	53.7601	55.665	57.0754	59.3672	61.8238	63.4245	65.2822	67.2424	69.8165	71.6979	72.2136	74.2199	77.0138	78.684	80.0164	80.6668	83.7678	84.6555	86.0238	86.1879	88.7193	90.2729	91.3246	92.3119	93.3036	93.6517	95.6415	95.6812	96.969	97.4499	97.9709	98.9656	100.45	100.301	100.951	101.225	101.639	102.593	102.625	103.392	103.181	104.123	104.221	104.535	104.604	105.227	105.17	105.255	105.657	106.163	105.674	106.226	106.383	106.316	106.233	106.5	106.287	106.311	106.663	106.629	106.673	106.698	106.976
56	0.293339	1.52646	2.74454	3.85013	4.88772	5.97003	6.7132	7.5015	8.71015	9.22193	10.1557	10.6288	11.6377	12.7215	13.4015	14.3262	15.3257	16.8799	17.8815	18.8408	19.961	21.9044	23.3908	24.9181	26.5463	28.2594	29.5794	31.3352	33.7944	34.6478	37.1873	38.6605	41.7718	43.1023	45.2177	48.1536	49.862	51.7479	54.0977	56.2424	57.5694	59.1515	62.159	62.3593	66.0953	67.2057	69.5407	72.0666	73.191	75.0697	76.959	79.3276	80.6684	81.8223	82.8521	85.762	86.7412	87.7001	88.5438	90.6019	91.5275	92.2793	92.7309	94.0488	95.5369	95.7311	96.6796	98.1899	98.7486	99.2886	99.7907	100.63	100.859	101.143	101.556	102.746	102.903	103.393	103.369	103.742	104.572	104.691	104.867	104.845	105.58	105.314	105.471	105.738	106.051	105.846	106.609	106.071	106.319	106.376	106.194	106.673	106.626	106.627	106.496	106.659	106.789
63	0.411488	1.82014	2.96349	4.07579	5.31232	6.20004	7.04803	8.12674	9.03874	9.86837	10.3807	11.8852	12.3557	13.0791	14.1725	15.4282	16.0412	17.2901	18.5522	19.6696	21.7239	22.7154	24.3565	25.6127	27.2895	28.8789	31.348	31.8752	34.2461	36.4678	37.9025	40.2431	41.5239	45.0309	46.3072	48.3196	49.9347	52.3118	54.8947	56.8927	58.1058	61.8038	62.2114	64.2506	66.1488	68.441	70.9783	72.2041	74.5599	75.4406	77.4456	79.5641	80.8215	82.9055	84.1134	85.6677	86.8419	88.1547	89.5559	89.9429	92.0853	93.0285	93.9057	95.2167	95.5384	96.4795	97.6047	98.658	98.8501	99.4897	99.8433	101.034	101.404	101.434	102.584	102.503	102.875	103.734	103.53	104.141	104.529	105.099	104.58	105.012	105.389	105.181	105.705	105.606	105.936	106.142	106.088	106.415	106.482	106.428	106.583	106.553	106.781	106.727	106.696	106.782	106.955
70	0.754355	2.28731	3.06682	4.367	5.37827	6.56547	7.81608	8.50277	9.56961	10.6054	11.428	12.2112	13.4364	13.9737	14.9619	15.3504	17.5137	18.224	19.6167	21.476	21.7056	23.9948	25.2943	26.8115	27.8002	29.5	31.2434	33.9171	35.4159	37.2638	38.6499	41.9189	42.7522	44.812	47.4391	48.6347	51.4582	52.5815	55.4618	56.3439	58.9988	61.4443	64.3871	65.7337	67.7997	69.8614	71.5252	72.5924	74.119	76.3486	78.0311	80.5744	80.4783	81.9881	84.7001	85.9985	87.2756	88.6144	89.7708	90.2659	91.3069	92.6478	93.8992	95.1167	95.53	96.6268	96.8482	98.3441	99.2593	100.114	99.9807	101.062	101.225	101.744	102.344	102.79	103.005	103.634	104.059	104.235	104.578	104.918	104.88	105.036	105.517	105.535	106.072	105.744	105.983	106.246	106.039	106.017	106.68	106.36	106.536	106.639	106.88	106.892	106.77	106.774	106.621
77	1.12545	2.33379	3.69562	4.68473	6.07047	7.17201	7.97885	9.12591	9.8998	11.0377	11.8581	12.6681	13.5899	14.4128	15.9503	16.6269	17.9565	18.7933	20.5209	22.1224	23.456	25.4514	25.7976	27.3664	29.0945	30.6459	32.7414	33.7361	36.2655	38.3717	40.2318	41.7807	43.5723	45.543	47.4449	49.8146	52.1255	54.7273	56.2141	58.0318	60.0808	61.2577	64.0793	66.3326	67.6958	69.7649	72.3982	72.782	74.617	77.3725	78.1236	79.7905	81.4234	82.8181	83.9921	86.3148	86.4639	88.1949	88.8325	91.1881	92.022	93.1874	93.8272	94.6771	96.0481	97.2953	97.6021	98.3446	99.1277	99.6332	100.285	100.743	101.81	101.999	102.156	102.759	103.33	103.862	103.885	103.895	104.171	104.503	104.89	105.62	105.606	105.572	105.656	106.085	105.539	106.189	106.284	106.657	106.471	106.844	106.022	106.7	107.002	106.459	106.542	106.995	106.889
84	1.8434	2.81906	4.04445	5.16774	6.48397	7.75743	8.55326	9.78237	10.5707	11.774	12.6883	13.7585	14.6973	15.4914	16.6314	17.7909	19.3246	20.0303	21.4177	22.7771	23.313	25.4934	27.4887	29.5043	31.2972	31.4984	33.7958	35.0971	37.0846	40.0087	41.4994	42.5088	45.1142	46.1729	49.2949	50.1452	53.5461	55.4987	56.0154	59.1749	60.8528	62.6653	63.8631	66.2527	68.3318	70.8332	72.2045	73.9568	75.1991	76.9471	79.3398	81.4603	81.8494	84.1756	85.5638	86.7052	88.0807	88.5078	89.8287	91.7963	92.9033	93.4357	94.0096	95.114	96.3217	96.5538	98.0262	98.664	99.002	99.7408	100.916	101.493	101.486	101.804	102.376	103.246	103.301	103.828	103.88	104.237	104.365	104.34	105.588	105.46	105.533	105.395	105.878	106.303	105.58	106.074	106.32	106.326	106.561	106.745	106.526	106.647	106.72	106.793	106.718	106.769	106.62
91	2.35535	3.40897	4.93886	6.07419	7.40149	8.68189	9.20316	10.5506	11.591	12.634	13.2691	14.2873	15.5261	16.1488	17.5224	18.7055	19.9782	21.1503	22.6846	23.8078	25.3374	26.4405	28.2046	29.4521	31.5481	33.3789	34.0205	36.2228	38.0013	39.5285	42.0621	44.2023	44.471	47.8085	49.2744	50.9678	53.1178	55.2389	57.3406	59.4463	61.8439	63.406	66.0794	67.7216	68.9643	70.6299	72.4352	74.3322	76.5633	77.988	79.9829	81.3176	82.3668	84.5907	84.7777	86.4152	88.1517	89.499	90.5102	92.0348	93.4131	93.6547	95.3488	96.0581	96.2866	97.667	98.4819	99.1582	99.0877	100.289	100.279	101.873	101.552	102.209	102.215	103.362	103.342	103.989	104.212	104.332	104.596	104.816	105.089	105.157	105.752	105.439	105.633	106.225	106.337	106.621	106.272	106.457	106.343	106.559	106.73	106.465	106.535	106.869	107.059	106.993	106.824
98	3.37693	4.69604	5.65682	6.72457	8.12887	9.14299	10.3695	11.3825	12.3204	13.1045	14.4309	15.8467	16.1752	17.6885	18.56	19.7335	20.6253	22.2592	23.4379	25.0486	25.7953	27.7763	29.0971	30.4283	32.1307	33.7869	35.5479	37.2562	39.9702	40.9702	42.3081	44.9531	46.6374	48.0371	49.8374	52.7441	54.3276	55.9856	58.5638	60.274	62.5565	63.8799	66.2668	66.9382	70.4765	72.4015	72.7536	74.6563	76.3586	77.9124	79.856	81.3005	83.1734	83.9614	85.5775	87.7623	87.727	89.9694	91.2903	91.7536	93.1592	93.2896	94.8934	96.4065	96.9509	97.0435	98.4742	98.7325	99.4402	100.325	100.956	101.374	101.531	102.02	102.514	102.634	103.626	103.516	103.838	104.541	104.863	104.861	105.113	105.616	105.569	106.091	105.722	105.807	106.296	106.238	106.469	106.599	106.598	106.733	106.613	106.5	106.891	106.644	106.879	106.819	106.635
105	4.31841	5.79496	6.87686	7.86544	9.27915	10.3934	11.5655	12.0732	13.3177	14.2806	15.5453	16.1033	17.7916	18.6021	19.7694	20.9805	22.2295	23.0944	24.6142	25.6273	27.3196	28.662	29.7554	31.9047	33.0159	34.8155	37.0903	38.2688	39.8845	42.1975	43.5594	45.1045	47.3816	49.5064	51.2596	54.0074	55.0807	57.0732	58.6	61.4098	62.8601	64.1521	66.1823	67.7564	69.9808	72.5022	73.743	75.1598	78.0525	79.3689	80.794	81.9175	83.2531	85.6966	86.2284	87.3616	88.7258	89.9172	92.1574	92.5949	93.5593	94.9429	95.4683	96.3388	96.8535	97.1288	98.4832	98.6929	99.8234	100.429	101.118	101.501	102.797	101.828	102.704	102.942	103.706	104.347	104.412	104.505	104.795	104.983	105.207	105.104	105.815	105.681	105.645	105.93	106.128	105.96	106.318	106.567	106.596	106.389	106.808	106.633	106.685	106.864	107.148	106.778	107.016
112	5.94539	7.25516	8.33416	8.98451	10.3698	11.6517	12.0713	13.6529	14.8118	15.9213	16.6944	17.53	19.1279	19.4027	20.383	22.066	23.6322	24.5605	25.8112	26.7735	28.2153	30.129	31.3666	33.0709	34.959	36.2613	38.1716	39.5922	41.5024	42.8261	44.6607	46.9511	48.6944	50.5833	52.4353	54.2582	56.0309	57.2125	59.1138	62.2095	64.3904	65.8235	67.202	69.8426	71.129	72.5841	74.7004	76.6109	77.3449	79.9333	81.1203	82.9718	83.0711	85.754	86.3687	87.6375	88.9322	89.6433	91.6195	92.3932	93.4642	94.2156	96.0137	96.134	97.1344	97.3789	98.8535	99.6762	100.238	100.599	100.606	101.503	101.924	102.573	102.934	103.426	104.012	104.333	103.779	104.506	105.053	104.745	105.376	105.487	105.94	106.161	106.065	106.097	106.356	106.219	106.482	106.468	106.439	106.549	106.795	106.61	106.815	106.624	106.921	106.968	106.977
119	7.90824	8.69934	10.0937	10.791	12.1441	12.9526	13.7387	14.8115	16.6016	17.2702	18.4024	19.3664	20.3811	21.5873	22.528	23.3634	25.5746	25.6283	27.153	28.0869	29.8534	30.8942	33.0425	33.8096	35.3752	37.4212	39.2632	40.0838	42.0222	44.0344	45.5652	47.6766	49.6513	51.6395	53.7348	54.7607	57.0423	59.1692	60.8611	62.9857	64.9353	66.6853	68.1049	69.3241	71.6851	72.3864	74.429	76.469	78.7674	79.919	81.0183	83.9673	84.481	85.3365	86.9912	88.628	88.5134	90.4125	91.9197	92.3103	93.5184	94.7572	95.2027	96.0276	98.0935	97.9494	98.8201	99.6818	100.224	100.464	101.31	101.873	102.037	102.665	102.958	103.694	104.094	103.624	104.553	104.741	104.771	104.974	105.412	105.637	105.754	105.852	106.105	106.35	106.411	106.45	106.447	106.439	106.664	106.677	106.727	106.797	106.877	106.9	106.86	106.954	106.963
126	9.04732	10.146	11.4942	12.2841	13.0537	14.1239	15.5811	16.8062	17.6726	18.6707	19.691	20.8088	21.9303	22.8529	23.6177	24.777	26.6316	27.7356	28.1849	29.8608	30.6353	32.2201	33.8013	35.433	36.9487	37.8707	39.8723	42.6515	43.7941	45.1982	46.8706	48.4523	50.8422	52.8186	54.7426	55.5445	58.149	59.7738	62.322	63.4762	64.2147	67.2249	68.2487	70.1146	71.7937	75.1681	75.5627	77.3824	79.4658	79.5586	81.7133	83.6013	84.6696	86.1638	87.8018	88.2461	89.1418	91.2558	92.5635	93.6067	93.8955	95.0078	95.8434	96.1894	97.8152	98.4601	98.5736	99.7999	100.07	100.603	101.513	101.959	102.35	102.655	103.317	103.586	104.037	103.819	104.175	104.585	105.156	105.345	105.748	105.858	106.106	105.909	106.113	106.203	106.333	106.145	106.458	106.582	106.625	106.976	106.697	106.873	106.736	106.846	106.986	106.966	106.9
133	11.4532	12.0706	13.7335	14.4302	15.839	15.8775	17.5104	18.9545	20.1999	21.0802	21.7615	22.7293	23.6673	24.5004	26.0215	26.7368	28.2502	28.9059	30.7447	30.7764	32.7575	34.1638	35.9032	37.0644	38.6811	40.6928	41.9907	42.6217	45.8484	47.1083	49.1489	51.0378	51.3103	53.9411	55.8104	57.3834	58.8483	60.9327	62.9872	64.8665	66.832	68.4082	69.6364	72.3564	72.9912	75.053	76.302	78.4705	79.5189	81.1025	82.9879	83.9717	85.6392	87.1514	88.3818	88.9913	90.8364	91.6371	92.6791	93.1644	94.2411	95.5779	96.443	97.2992	97.9434	98.8681	99.078	99.3544	100.221	100.679	102.12	102.154	102.192	102.545	103.02	103.953	104.218	104.582	104.606	104.531	105.244	105.735	105.631	105.646	105.934	106.201	106.015	106.042	106.306	106.467	106.493	106.751	106.737	106.681	106.871	106.668	106.95	106.812	106.803	107.185	106.982
140	13.602	14.1463	15.2031	16.3001	17.9564	17.9418	19.354	20.7341	21.6908	22.8992	23.7795	24.8634	25.1916	26.7342	27.3777	29.1893	29.9401	30.6524	32.7898	33.2585	34.6548	35.8419	37.4341	38.87	40.4773	42.0029	43.6194	43.9333	46.3388	48.056	49.6844	51.5881	53.374	54.6862	57.2414	58.7698	60.2817	62.1841	63.9025	65.6625	67.0648	68.5978	70.9063	72.015	73.5578	76.8699	77.3244	78.7591	80.5789	82.3304	83.7083	84.8764	86.5886	86.3166	88.7385	90.5034	90.4846	92.0668	92.9253	93.7347	94.4113	95.6396	96.9613	97.0577	97.7206	98.6207	99.2889	99.5434	100.818	101.002	101.651	102.269	102.914	102.693	103.693	104.295	103.939	104.319	104.82	105.035	105.37	105.345	105.664	105.719	105.89	105.901	106.284	106.5	106.476	106.6	106.597	106.541	106.581	107.027	106.967	107.011	106.816	107.045	107.119	106.893	107.03
147	16.4848	16.9214	18.508	18.8291	20.1434	21.1847	22.2339	22.7092	24.2244	24.573	26.0441	26.221	27.4681	28.9017	29.4974	30.4504	32.0517	32.9009	34.8818	36.1256	37.042	38.2699	39.4228	41.2155	42.1103	43.8765	44.2173	46.9876	48.1501	49.7297	50.6203	54.0195	53.9213	57.018	57.5993	60.1001	61.0341	62.9057	65.1172	66.6829	68.8908	70.3626	70.722	73.2324	74.648	75.7682	77.9182	79.8003	81.5351	82.7635	83.6374	84.9489	86.8614	87.9072	88.7087	89.7336	91.2858	92.0456	93.2855	95.0011	95.0417	96.0798	96.6481	97.8472	97.7602	99.2676	99.1288	100.649	100.803	101.436	101.955	102.906	102.798	102.814	103.525	104.002	104.587	104.457	104.567	105.454	105.185	105.246	105.889	105.831	106.228	106.021	106.163	106.692	106.357	106.354	106.636	106.693	106.782	106.617	107.016	106.883	106.944	107.009	106.864	107.077	106.898
154	19.0316	20.4537	21.1431	22.8486	22.8093	24.2839	24.4527	24.7847	26.7906	27.3964	28.1664	29.0037	29.798	31.1322	32.319	32.5339	34.6464	35.6571	36.0317	37.5507	38.9172	39.9354	41.3811	42.6944	44.4566	45.7692	46.258	49.0638	49.7745	51.6799	52.4441	54.966	56.883	57.7204	58.8939	60.8818	62.3787	63.8432	66.1274	67.0251	70.8937	71.9669	72.4341	75.2795	76.1003	78.0796	78.4301	80.4774	82.4978	83.4005	84.4205	85.463	87.5288	89.254	89.2108	90.3521	91.3264	93.0087	93.7387	94.2883	95.2294	96.3616	96.9531	97.8874	98.3282	98.3874	100.089	100.235	101.025	101.831	102.496	102.598	103.335	103.779	103.248	104.399	104.229	104.496	105.338	104.84	105.409	105.574	105.735	105.899	105.789	106.055	106.282	106.295	106.576	106.736	106.681	106.581	106.726	106.927	107.066	107.125	106.918	106.993	107.014	106.944	107.098
161	21.7566	23.5663	23.8723	24.2143	24.889	26.334	27.0202	28.0194	30.1331	29.7122	31.1542	31.769	31.9359	33.5878	34.5943	35.8327	36.6353	37.341	37.7257	40.2776	40.6016	41.7122	43.9216	44.4364	45.9408	47.2886	49.1983	49.5929	51.2785	53.061	55.2423	56.4292	57.4152	59.1854	61.2236	62.9946	63.4616	65.7958	67.76	68.6106	71.5746	73.1532	73.6177	75.272	76.9499	78.2473	80.3042	81.5741	82.4591	84.2701	84.8239	85.5131	87.6332	89.3031	89.9839	90.8963	92.1898	92.9687	93.9721	94.9263	96.0506	96.4899	97.7682	98.4663	99.0295	99.1914	100.658	100.525	101.341	101.274	101.706	103.046	103.241	103.84	103.829	104.556	104.888	104.963	104.771	105.196	105.748	105.365	105.739	106.028	106.149	106.074	106.465	106.565	106.515	106.503	106.9	106.907	106.772	106.682	106.867	106.917	107.059	106.93	107.153	107.159	107.098
168	24.6811	27.0514	26.5211	27.1847	28.1505	29.8214	30.4597	30.9423	31.7632	32.7886	33.5808	34.4121	35.4597	36.7776	37.5923	38.0232	39.6257	40.0322	41.1555	41.7718	43.2977	44.9812	45.8607	46.169	48.0039	49.8366	51.1287	52.6643	54.0881	54.8864	56.4285	57.6112	60.3076	60.7517	62.886	65.1492	65.7949	66.546	69.8875	70.2081	72.2982	73.4747	74.5925	76.4554	77.1801	79.006	80.5495	81.9322	83.4978	85.0849	85.4523	87.293	88.7823	88.4976	90.9296	91.7018	91.984	93.2839	94.3749	95.7132	96.1038	97.2514	97.645	98.881	99.2764	100.114	100.415	101.184	101.613	102.019	101.879	102.887	103.268	103.874	103.792	103.874	104.98	104.796	105.129	105.745	105.355	105.511	106.048	105.826	106.423	106.348	106.332	106.576	106.849	106.607	106.633	106.96	106.732	106.948	106.929	106.94	107.077	107.169	106.953	107.082	106.97
175	28.1978	29.1464	30.3667	31.3816	31.1547	32.1571	33.7601	34.9857	34.4879	35.4018	36.8592	37.7933	37.8983	39.408	39.7461	40.9478	42.1891	42.8307	44.1371	45.3892	45.8133	47.3055	47.8935	48.5813	50.7623	51.1184	52.4869	54.0721	55.6808	56.7865	58.7165	58.9715	61.6459	63.6596	63.0907	65.616	66.6639	69.6748	70.8972	72.0297	73.0246	73.9818	75.7631	77.6858	78.8338	80.2083	81.9518	83.0112	84.707	85.0968	86.711	87.8143	89.3584	90.5074	90.9462	92.2171	92.4596	94.3276	95.093	95.8587	96.5703	97.2389	98.3548	98.8966	99.1331	100.138	101.267	100.887	101.806	102.33	102.868	103.312	103.288	104.218	104.265	104.41	104.809	104.954	105.209	105.408	105.369	106.106	106.066	105.979	106.487	106.766	106.52	106.42	106.523	106.771	106.924	106.998	106.934	107.083	107.049	106.868	107.116	107.065	106.921	106.827	106.879
182	30.7001	33.7538	33.2845	34.2082	35.3728	35.7204	37.1182	37.1795	37.3509	39.4306	39.6942	40.6112	41.1239	42.346	42.4935	44.3302	44.1554	45.9311	46.7952	46.5003	49.2469	48.9461	50.5555	52.1207	53.3667	53.556	55.6656	55.7607	58.1588	59.8961	61.4373	61.696	63.2076	63.9921	66.4733	67.0294	69.3743	70.4103	72.8454	72.9384	74.4902	76.6399	77.6809	79.3708	80.427	81.9935	82.4335	83.7212	84.9987	86.2743	87.1128	89.7019	88.8525	90.2371	92.478	92.6936	93.6138	94.5769	95.5403	96.1587	97.362	98.105	98.947	99.2719	99.8038	100.445	100.803	101.695	102.334	102.659	102.748	103.421	103.927	104.233	104.426	104.49	105.028	105.126	105.511	105.802	106.097	105.904	106.258	106.262	106.53	106.341	106.58	106.69	106.665	106.712	106.632	107.003	107.122	107.083	107.101	106.855	107.023	107.004	106.973	107.001	107.248
189	35.874	36.0439	36.1626	38.5299	38.4465	38.7774	39.6485	41.1322	40.5771	42.223	42.9802	43.1352	44.5981	44.979	46.3392	46.5335	47.6581	48.3106	49.2583	50.8105	51.8846	52.4526	54.0995	54.6135	55.4829	56.3404	59.6064	59.0177	60.3955	61.6019	62.2895	64.6044	66.4367	67.4199	68.1667	70.0246	70.4046	71.6461	72.4839	74.9145	76.9307	78.005	78.6821	81.094	81.6364	82.3852	83.4418	85.5014	86.1969	87.3025	87.9603	89.7577	90.2741	91.8052	93.1426	93.0854	93.9167	95.5473	96.1751	96.9613	97.2288	98.3109	98.7656	100.062	100.394	101.345	101.009	102.31	101.863	102.361	103.344	103.544	104.131	104.787	104.444	104.668	104.617	105.586	105.866	105.902	105.952	105.934	105.977	106.631	106.263	106.52	106.454	106.777	106.562	106.61	106.716	106.888	106.864	107.103	107.173	107.025	107.067	107.218	107.066	107.069	106.961
196	38.706	40.1666	40.055	41.5641	41.2004	42.9218	42.948	44.4759	44.9496	45.7413	46.3745	45.7132	47.2948	49.1645	48.677	49.1051	51.1596	51.239	53.2068	53.3119	54.4606	55.4605	56.1765	57.3831	57.9963	59.0651	59.3599	61.3457	62.6645	63.9389	65.0647	66.2315	66.8799	69.2494	70.4903	70.7832	73.0363	73.4584	74.74	75.7593	78.1705	78.7999	79.6815	81.6532	82.7291	84.5978	85.3951	86.3935	86.9529	88.1601	89.3668	89.9672	91.8583	92.2752	93.1563	94.1475	94.6267	95.8732	96.6198	97.0685	98.304	98.8872	99.3582	100.186	100.828	101.364	101.07	102.234	102.65	103.201	102.804	104.16	103.36	104.541	104.963	105.208	104.949	105.374	105.319	105.369	106.06	105.994	106.388	106.596	106.587	106.688	106.881	106.877	107.004	106.962	107.117	106.972	107.049	106.9	106.991	107.155	107.015	106.976	107.205	107.248	107.071
203	42.874	43.611	44.2446	45.0014	45.5827	45.7938	47.6148	46.8671	48.5181	48.2586	49.9413	49.9878	51.1739	52.1208	51.5789	53.0821	54.1125	54.8304	55.6008	56.5216	57.4474	57.8986	58.8967	60.7632	60.6463	62.3663	62.3833	63.29	64.7714	65.2718	67.0246	68.6327	69.7328	70.6016	71.4099	72.7322	74.4006	75.4593	76.7436	78.4404	79.5795	80.1904	81.5095	81.8675	84.1333	85.1229	85.7533	87.0917	88.2412	88.5239	90.6986	91.8489	92.3541	92.7303	93.2131	94.5638	95.3249	96.9684	96.8948	97.7673	98.6939	98.847	99.7846	100.197	101.518	101.292	102.056	102.172	102.558	102.975	103.371	104.226	104.276	104.67	104.574	105.312	105.503	105.581	105.745	106.284	106.294	106.4	106.812	106.448	106.57	106.748	106.701	106.884	107.008	107.04	106.958	106.927	107.228	107.113	107.133	107.173	107.283	107.158	107.028	107.135	107.108
210	47.3555	47.3527	48.1359	48.3203	49.5071	49.6405	50.9987	51.3889	52.2954	52.4555	53.1996	53.6986	53.9357	54.6888	54.9913	55.6785	56.1212	56.9306	58.923	59.4814	60.1423	60.4257	61.9707	62.0985	63.3992	64.0894	65.415	66.4576	67.3316	67.5209	69.0213	69.6858	71.7597	71.9076	74.1502	74.6087	76.5784	77.5591	78.2853	80.1506	80.5234	81.2758	82.7934	84.2907	85.9913	86.7429	87.0396	88.305	89.8821	90.3305	91.1883	92.1345	92.8457	93.5535	94.6802	95.5011	97.1415	97.1267	97.6532	98.107	99.2997	98.9766	99.9548	101.276	101.669	102.336	102.507	102.865	103.142	103.504	104.085	104.367	104.299	105.166	105.067	105.334	105.221	105.704	105.653	106.219	106.532	106.411	106.386	106.641	106.598	107.002	107.015	106.931	106.888	106.868	107.076	106.9	107.21	106.989	107.021	107.081	107.073	107.219	107.101	107.04	107.178
217	49.7594	51.5191	51.3223	51.6455	52.7177	53.3188	53.9618	55.7532	55.3937	56.1679	57.0789	56.5786	57.1312	58.3752	58.9821	58.9724	59.8378	60.8799	60.8201	62.1689	63.113	63.09	64.9319	65.3003	65.9139	66.9487	67.9148	68.987	69.4364	70.8494	70.9562	72.774	73.6436	74.343	76.2707	77.1909	78.043	79.0647	79.8968	82.0063	82.4915	82.5823	83.5655	86.0516	86.9642	87.2262	88.6422	88.7678	90.3802	91.0077	91.7846	93.6065	93.7449	95.1529	95.7781	96.1798	97.1517	97.7034	98.3837	99.1991	99.5446	100.02	100.704	101.118	101.376	102.018	102.81	103.01	103.236	104.044	104.165	104.126	105.138	105.095	105.236	105.611	105.517	106.301	105.806	106.032	106.326	106.526	106.853	106.773	106.963	106.742	107.018	106.939	107.212	106.964	106.997	107.033	107.054	106.945	107.31	107.101	107.141	107.132	107.165	107.246	107.193
224	53.1677	54.8086	55.1355	56.1974	57.0872	56.366	58.4112	58.0695	57.9272	59.6435	59.3229	60.7332	61.8003	61.0903	61.2247	62.4014	62.4886	63.8443	65.5666	65.5384	65.6815	66.671	67.5593	67.3509	68.8505	69.7128	71.3052	71.0913	73.4211	73.5514	75.0704	74.9632	75.4482	77.5885	78.3484	79.4317	79.9791	80.8736	81.3418	82.9495	84.1787	84.5735	85.0376	86.748	88.111	88.7729	89.8983	90.5221	91.6397	92.9319	92.6283	94.1647	94.0893	95.5056	96.1521	97.0302	97.7723	97.9351	98.6519	99.1669	99.8972	100.818	100.547	101.921	102.291	102.753	102.74	103.621	103.97	103.725	104.556	104.651	105.19	105.136	105.573	105.835	105.627	106.209	106.247	106.595	106.555	106.396	106.748	107.034	107.102	107.019	106.852	106.971	107.323	107.151	107.193	106.974	107.348	107.193	107.248	107.256	107.338	107.154	107.257	107.05	107.019
231	57.6758	58.7514	60.1888	60.1505	60.1117	61.3224	61.2102	60.9847	61.8567	63.356	63.8261	64.0827	64.2674	64.828	65.0314	65.9595	66.3597	67.3776	67.6008	68.2194	68.8479	68.966	70.0513	70.9553	71.2063	72.5192	72.6464	74.1669	74.5698	75.9733	76.2171	77.8004	77.9173	79.1245	80.1619	80.7007	81.7061	82.3955	84.0792	84.356	84.7659	86.6493	87.5308	88.2104	88.6804	89.8883	91.0346	92.05	92.686	93.4307	94.3733	94.8633	96.5076	96.3363	97.0783	97.6039	98.1462	98.2028	99.779	100.423	101.04	101.01	101.521	102.009	102.825	103.283	103.445	103.719	104.175	104.341	104.749	104.987	105.052	105.148	105.934	105.818	105.901	105.884	106.223	106.317	106.44	106.851	106.552	106.524	106.979	106.951	106.918	107.158	107.041	107.071	107.242	107.074	107.39	107.3	107.395	107.551	107.323	107.406	107.133	107.2	107.08
238	61.9148	61.9888	62.1866	63.8465	63.2998	63.9098	64.7312	64.7623	65.5251	65.4983	67.0171	67.3664	67.8153	68.6313	68.978	68.275	69.2718	69.6393	70.2843	71.6306	72.115	72.8878	72.7409	73.2031	73.2851	74.8941	76.4971	76.5783	76.5822	77.8159	78.4517	78.7783	80.1906	81.2753	82.4572	82.9138	84.235	84.1115	86.0426	86.7994	87.3187	88.141	88.2283	89.5679	90.4013	92.1446	91.8293	92.8674	93.9775	94.8916	95.3003	95.8638	95.8002	96.6921	98.1162	98.8214	98.5724	99.9366	99.9009	100.297	101.244	101.803	101.903	102.531	103.247	103.143	103.391	104.229	104.219	104.522	105.214	105.236	105.651	105.584	105.817	106.048	106.607	106.268	106.312	106.58	106.556	106.73	106.833	106.726	106.563	107.15	107.195	107.287	107.205	106.877	107.28	107.493	107.33	107.315	107.472	107.284	107.157	107.302	107.177	107.251	107.314
245	66.2916	64.9256	65.992	65.4305	67.8479	67.8424	67.9224	68.2617	68.777	69.6386	70.5583	71.1811	71.2916	70.5097	71.6786	71.7814	72.3187	72.4486	73.9135	73.8425	75.074	75.7223	75.5675	76.4295	76.9062	77.8889	77.8602	78.2028	78.9962	80.4525	80.744	82.1344	82.8838	83.9283	84.5195	84.647	85.3996	86.4855	87.7514	88.4424	88.7283	90.1309	90.5422	91.0815	90.9476	91.9172	92.7123	94.01	94.8317	95.2848	95.9562	96.9726	98.2864	98.0673	98.0659	98.9676	99.9842	100.389	100.602	101.615	101.55	101.527	102.576	103.663	103.757	103.546	103.907	104.382	104.55	105.336	105.432	105.554	105.496	105.919	105.929	106.251	106.207	106.029	106.108	106.954	106.868	107.006	107.107	107.025	107.105	107.14	107.444	107.301	107.278	107.222	107.103	107.298	107.34	107.514	107.458	107.448	107.299	107.337	107.365	107.305	107.336
252	68.9869	70.4178	70.0925	70.7807	70.1077	70.2456	71.1523	72.2326	71.8985	71.474	73.6761	73.8228	73.1155	74.2093	75.086	75.4012	75.5322	75.4864	76.5408	77.3014	77.9232	77.7553	79.0857	78.9037	78.9015	80.6405	79.8108	81.2997	82.0493	83.4637	83.7229	83.408	84.3298	85.1327	86.3186	86.7496	87.6765	87.6096	89.2247	90.0955	89.8022	91.1367	91.6537	92.5294	93.0097	93.6362	95.1333	94.5837	95.5418	96.3293	96.6501	97.4305	97.9068	98.9451	99.8155	100.123	99.7873	101.001	101.621	101.772	102.129	102.666	102.601	103.307	104.02	104.734	104.507	105.006	104.819	105.478	105.06	105.602	105.536	106.105	106.16	106.225	106.659	106.725	106.894	106.79	107.265	107.009	107.278	107.239	107.19	107.255	107.295	107.366	107.341	107.38	107.291	107.381	107.477	107.373	107.389	107.455	107.582	107.315	107.404	107.18	107.074
259	72.6997	73.6829	73.1051	73.7878	74.4531	74.5692	75.2974	75.0505	76.6351	75.3685	75.841	76.6671	77.6955	77.5808	77.5663	78.0977	77.55	78.7614	78.7262	80.0557	80.0056	81.0031	81.0835	81.6056	81.8269	83.1362	83.5058	83.1369	84.007	84.9046	84.9519	85.6701	87.1345	87.2191	88.0999	89.3787	89.2056	89.898	90.6702	91.6795	91.0989	92.7819	93.1101	93.4239	93.9713	95.0621	96.141	96.9048	97.0108	97.7893	97.9472	98.3734	98.8845	99.3264	100.178	100.438	101.357	101.7	102.559	102.794	103.623	103.395	103.592	104.02	104.211	104.176	104.855	105.431	105.408	105.608	105.323	105.846	106.166	106.167	106.617	106.416	106.601	106.486	106.754	107.144	107.07	107.268	107.129	107.141	107.292	107.47	107.182	107.377	107.389	107.403	107.517	107.233	107.38	107.337	107.445	107.367	107.408	107.517	107.449	107.259	107.327
266	75.871	75.608	77.0847	76.7053	76.959	77.9278	77.905	77.7488	77.8742	78.5337	78.2497	79.1225	79.9411	79.2293	81.1214	80.5501	81.4471	80.6822	81.896	82.3096	82.9334	82.8887	83.8532	83.0575	84.3218	85.1225	84.7414	85.6008	86.4616	87.1029	87.8491	87.7901	89.1748	89.75	90.3677	89.7254	91.7775	92.1683	92.9104	92.7165	93.5678	93.8338	93.972	95.3056	95.5498	96.6829	97.0524	97.8233	98.1037	98.4089	99.5423	99.5129	99.3246	100.018	101.024	101.276	101.637	102.437	102.093	102.531	103.027	103.543	103.667	104.276	104.545	104.795	105.141	104.776	105.602	105.407	106.352	105.976	106.449	106.607	106.33	106.842	106.825	106.867	106.902	106.744	106.925	107.162	107.462	107.359	107.337	107.571	107.514	107.584	107.436	107.29	107.52	107.426	107.462	107.479	107.665	107.492	107.403	107.443	107.283	107.36	107.228
273	79.2481	79.2053	79.1729	79.8949	80.1484	79.7738	80.2644	80.7699	81.4534	80.9476	81.4495	81.8602	82.2649	82.9691	83.8132	83.3375	83.5975	83.9452	85.2916	84.9758	85.8227	86.2223	85.3672	86.7506	87.2194	87.8051	88.3125	88.1175	88.5695	89.0896	89.5515	89.8641	90.7825	90.7898	91.3601	92.8147	92.4028	93.2291	93.2281	94.053	95.326	95.3349	95.0443	96.3007	96.5052	97.802	98.2082	98.0693	98.9515	99.2084	99.9817	100.444	101.123	100.79	101.244	102.056	102.199	102.806	103.314	103.341	104.02	103.683	104.514	104.631	104.594	105.194	105.183	105.738	106.189	105.94	106.554	106.263	106.434	106.569	106.793	106.847	107.149	107.196	107.098	107.326	107.219	107.522	107.522	107.358	107.485	107.491	107.469	107.61	107.599	107.541	107.732	107.535	107.622	107.525	107.313	107.486	107.522	107.571	107.465	107.321	107.437
280	81.6507	82.6958	82.0436	81.9892	81.9897	83.6944	83.0908	84.8119	83.9116	83.7602	84.1274	84.8087	85.9898	85.2034	85.2514	85.8295	86.8705	86.8363	86.2386	87.4319	87.5277	88.256	87.4758	88.3285	89.194	89.3121	90.5386	90.2721	91.0895	91.313	91.0185	92.2021	92.7144	93.0679	93.2641	94.2319	94.3785	94.7759	95.6159	96.1999	95.9715	96.8224	96.7898	98.2345	97.8603	98.5787	99.0673	99.2277	99.8846	100.264	101.007	100.83	101.433	102.296	102.41	102.613	103.211	103.622	103.756	104.283	103.821	104.883	104.634	104.861	105.009	105.532	105.592	105.987	105.862	105.952	106.423	106.432	106.895	107.197	106.658	106.692	107.139	107.444	107.417	107.115	107.305	107.651	107.302	107.532	107.561	107.461	107.377	107.759	107.595	107.45	107.725	107.477	107.379	107.653	107.525	107.572	107.599	107.47	107.322	107.285	107.377
287	84.8882	85.4407	84.817	84.9905	85.8061	86.5531	85.8742	86.4928	86.9228	86.7507	86.4305	87.5722	87.3124	87.9226	87.7823	88.4462	88.0215	89.731	89.1833	89.884	89.6598	90.1923	90.5868	90.7362	90.8531	91.5569	91.9085	93.2225	92.1682	92.2337	93.5964	94.4681	93.3447	94.4325	94.5667	95.2858	95.7855	96.0296	95.7961	97.077	98.0425	98.4898	98.62	98.7621	99.0212	99.0786	99.8836	99.9268	100.713	100.962	101.524	102.02	102.231	102.876	102.614	103.262	103.741	103.922	103.788	105.235	104.893	105.221	105.06	105.313	105.663	105.875	106.15	106.387	106.052	106.369	106.832	106.807	106.903	106.935	107.301	107.238	107.343	107.165	107.321	107.264	107.239	107.58	107.339	107.565	107.561	107.594	107.424	107.55	107.473	107.517	107.485	107.598	107.639	107.696	107.515	107.485	107.665	107.471	107.558	107.42	107.244
294	87.2825	87.006	88.0277	88.0318	87.9765	87.9026	88.982	88.706	88.4987	90.187	89.0943	89.4503	90.0091	90.0582	90	90.2917	90.2643	90.7657	91.9807	91.5454	92.0189	91.8225	92.4063	92.7315	92.5286	93.1044	93.7393	94.1923	94.2967	94.7006	94.3449	94.8319	95.9809	95.6919	96.5377	96.5396	97.4448	97.4688	97.6847	98.7374	98.6108	98.5367	99.2971	99.5285	100.534	100.12	101.001	101.357	101.375	101.831	102.307	102.716	103.456	103.058	103.591	104.128	104.353	104.435	104.517	105.193	105.286	105.207	105.581	105.931	106.141	106.286	106.079	106.968	106.883	106.641	106.916	107.074	107.204	107.359	107.015	107.141	107.362	107.66	107.532	107.59	107.574	107.388	107.368	107.627	107.558	107.544	107.552	107.595	107.576	107.512	107.687	107.577	107.434	107.329	107.577	107.489	107.411	107.446	107.456	107.534	107.426
301	89.1749	89.2575	90.6155	89.6241	89.8264	90.1722	90.6199	91.2592	91.2984	90.8057	90.1287	91.3237	91.4732	92.4477	91.93	92.5699	92.7635	93.2491	93.5725	93.7206	93.6325	94.1295	93.9279	94.409	94.9609	94.5339	95.3473	96.1374	95.9464	96.4594	96.6096	96.0366	97.3758	97.2386	97.9633	98.4205	98.5118	98.6403	98.5809	99.4437	99.0391	100.107	100.569	100.579	101.375	101.864	101.816	101.754	101.691	102.668	102.926	103.326	103.318	103.846	103.719	104.335	104.297	105.099	105.307	105.43	105.506	106.17	106.174	106.134	106.56	106.445	106.499	106.881	106.62	106.799	106.957	107.042	107.21	107.533	107.35	107.322	107.366	107.741	107.588	107.648	108.023	107.358	107.663	107.68	107.587	107.623	107.649	107.722	107.671	107.483	107.446	107.685	107.596	107.518	107.428	107.598	107.541	107.462	107.481	107.47	107.42
308	91.5407	92.3722	91.4654	92.6065	92.6956	92.8938	93.0027	92.5552	93.9263	94.1856	93.7537	93.845	94.463	94.1678	93.8628	94.6695	94.546	94.9414	95.0808	94.8001	95.2117	95.5912	95.6976	96.1584	95.9084	96.1973	96.1794	96.8054	97.4391	97.4548	98.1805	97.6	98.8915	98.9519	98.974	98.9423	99.5463	99.5756	100.31	100.805	101.009	101.467	101.37	101.652	102.295	102.083	102.944	102.783	103.279	102.797	103.564	104.235	104.399	104.581	104.316	104.759	105.508	105.283	105.831	105.909	105.996	106.497	106.5	106.594	106.313	106.501	106.788	106.766	107.068	107.015	106.818	107.156	107.408	107.621	107.791	107.726	107.499	107.615	107.5	107.786	107.922	107.669	107.759	107.499	107.561	107.811	107.859	107.751	107.625	107.732	107.733	107.545	107.621	107.696	107.663	107.526	107.612	107.456	107.373	107.366	107.467
315	93.562	94.0549	94.7029	94.4799	94.348	94.5151	93.867	94.5766	95.4136	95.4131	94.7834	96.048	95.3115	95.2343	96.0391	96.3825	96.82	96.2952	97.1477	96.9719	97.2848	96.3451	97.9434	97.3727	97.8117	98.6517	98.135	97.7642	99.0055	99.4528	99.3027	99.0991	100.153	99.8788	100.686	100.577	100.478	101.164	101.414	101.44	101.792	102.316	102.243	102.936	102.904	103.408	103.71	103.401	103.673	103.945	104.593	104.281	104.532	105.393	105.038	105.498	105.704	105.158	106.11	105.919	106.161	106.34	106.334	106.624	106.492	107.151	107.15	107.423	107.347	107.514	107.516	107.4	107.627	107.648	107.697	107.659	107.447	107.801	107.906	107.514	107.879	107.756	107.857	107.819	107.687	107.742	107.887	107.6	107.728	107.645	107.601	107.681	107.852	107.525	107.5	107.651	107.563	107.415	107.56	107.226	107.418
322	96.3223	95.2927	95.9844	96.9504	96.1618	96.1058	96.5317	96.2592	97.0465	96.534	96.521	96.9697	97.1748	97.2918	97.3471	97.3399	97.5706	99.2543	98.175	97.8356	98.4631	99.218	99.1932	98.5575	99.1163	98.8107	99.6319	99.5337	99.9094	99.9594	100.756	101.093	100.346	100.796	100.875	101.377	101.697	102.012	102.787	102.944	102.515	103.104	103.002	103.929	103.586	103.853	104.084	104.135	104.118	104.927	105.101	105.153	105.268	105.409	105.932	106.054	105.619	106.012	106.325	106.524	106.876	106.671	106.953	106.739	106.976	107.252	107.097	107.134	107.284	107.672	107.396	107.455	107.865	107.696	107.598	107.527	107.749	107.741	107.762	107.717	107.765	107.768	107.667	107.754	107.624	107.845	107.654	107.693	107.915	107.692	107.663	107.786	107.56	107.516	107.577	107.669	107.588	107.239	107.456	107.554	107.349
329	97.1606	97.8451	97.6657	97.8284	97.3414	98.6399	98.4504	97.9911	98.9321	98.0138	98.6726	98.8798	98.3231	98.8599	98.7395	99.5065	99.3016	98.6502	99.4473	99.4358	99.7265	99.7793	99.8367	100.428	100.641	100.936	100.509	100.868	101.404	101.448	101.465	101.058	101.714	101.69	102.08	102.456	102.364	102.366	103.08	103.129	102.589	103.971	103.237	104.048	104.503	104.511	104.88	104.687	105.327	105.117	105.366	105.629	105.496	105.951	105.744	106.173	106.314	106.587	106.373	106.716	106.942	107.252	106.712	106.832	106.839	107.346	107.368	107.421	107.759	107.508	107.734	107.363	107.557	107.907	107.908	107.642	107.813	107.824	107.768	107.465	107.821	107.887	107.785	107.74	107.945	107.654	107.552	107.685	107.746	107.811	107.588	107.591	107.803	107.715	107.709	107.568	107.59	107.53	107.423	107.407	107.489
336	98.763	99.3266	98.9674	98.9989	99.4088	99.3524	99.2536	99.002	99.4922	99.885	99.7859	99.2185	99.9944	100.016	100.284	100.312	100.608	100.68	101.129	101.14	100.547	101.193	101.603	100.91	101.515	101.389	102.099	101.658	101.657	102.575	102.268	102.919	102.573	102.916	102.775	102.903	102.811	103.133	103.51	103.728	103.894	104.707	104.867	104.843	105.164	105.196	105.165	105.511	105.425	105.644	106.025	106.17	105.562	106.346	106.404	106.322	106.717	106.684	106.748	106.824	107.13	107.411	107.131	107.603	107.604	107.603	107.486	107.701	107.488	107.549	107.846	108.002	107.779	107.818	107.679	108.029	107.852	107.94	107.957	107.863	107.899	107.707	107.911	107.821	107.867	107.956	107.903	107.745	107.827	107.569	107.702	107.673	107.591	107.672	107.566	107.531	107.604	107.478	107.458	107.29	107.388
343	99.3917	100.328	100.344	99.8732	100.417	99.4704	100.549	100.448	100.549	100.882	101.385	101.383	101.081	101.692	101.067	101.44	101.523	102.094	101.4	101.75	101.777	101.772	102.476	102.211	102.451	102.825	101.754	102.3	103.192	103.007	103.122	102.677	103.473	103.65	103.519	104.557	104.367	104.185	103.979	104.793	104.301	104.749	104.577	104.775	104.882	105.419	105.239	105.87	105.917	105.823	106.036	106.249	106.429	106.116	106.586	107.144	107.109	106.768	107.169	107.358	107.17	107.14	107.55	107.618	107.297	107.595	107.682	107.826	107.631	107.538	107.889	107.759	107.977	107.7	107.65	107.782	107.818	107.931	107.94	107.958	107.935	107.881	107.879	107.785	107.812	107.916	107.778	107.849	107.709	107.745	107.832	107.702	107.567	107.621	107.505	107.485	107.36	107.482	107.469	107.355	107.301
350	101.189	101.013	101.49	101.443	102.339	101.307	101.646	102.181	101.469	101.876	102.333	102.287	101.82	102.408	102.355	101.615	102.788	102.695	102.827	102.558	102.432	103.187	103.362	103.427	102.873	103.524	103.599	103.689	103.603	103.689	104.158	104.046	104.05	104.047	103.887	104.693	104.65	105.163	104.97	104.956	105.436	105.217	105.639	105.62	105.595	105.903	105.94	106.707	106.297	106.387	106.412	106.706	106.46	107.093	106.232	107.041	107.31	107.379	107.182	107.397	107.491	107.58	107.68	108.041	107.815	107.607	107.883	107.864	107.98	107.799	107.938	107.623	107.826	107.88	107.818	107.812	108.028	107.73	107.925	108.016	107.674	107.823	108.051	108.005	107.767	107.765	107.718	107.759	107.778	107.708	107.857	107.713	107.657	107.622	107.538	107.384	107.479	107.452	107.439	107.374	107.379
357	102.741	102.713	102.278	102.786	102.432	102.733	102.539	102.901	103.032	102.434	102.967	102.724	102.961	102.815	103.376	103.207	103.479	103.359	102.811	103.524	103.842	104.262	103.851	104.125	104.23	104.141	104.332	103.898	104.493	104.498	104.682	105.058	105.208	104.952	104.996	105.114	105.475	105.46	105.624	105.73	105.779	105.81	106.051	106.353	106.184	106.232	106.334	106.535	107.075	106.934	106.648	106.68	107.107	107.065	106.844	107.226	107.379	107.359	107.429	107.646	107.588	107.694	107.583	107.583	107.907	107.934	107.776	108.06	107.746	107.982	107.966	107.989	107.786	107.862	107.886	107.94	107.974	107.638	107.992	108.013	107.759	107.977	107.872	107.784	107.761	107.788	107.74	107.815	107.676	107.749	107.611	107.495	107.573	107.528	107.483	107.47	107.354	107.407	107.423	107.315	107.328
364	103.331	102.646	103.225	102.945	103.482	103.587	103.327	103.434	103.597	103.763	103.508	103.784	104.03	104.218	103.638	103.794	104.353	104.234	104.348	104.476	104.686	104.064	104.38	104.667	104.93	104.801	104.75	104.554	104.744	104.82	104.901	105.124	105.391	105.188	105.249	105.32	105.971	105.869	106.144	106.202	106.122	106.113	106.252	106.23	106.819	106.458	106.677	106.617	107.094	107.195	107.302	107.331	106.955	107.367	107.215	107.466	107.575	107.483	107.757	107.669	107.697	107.709	107.792	107.74	107.604	107.86	107.874	107.866	107.707	108.147	107.934	107.81	108.017	108.103	107.894	107.889	107.845	107.915	107.939	107.981	108.03	107.929	107.803	107.821	107.803	107.726	107.708	107.888	107.673	107.642	107.71	107.56	107.572	107.54	107.448	107.453	107.433	107.437	107.372	107.311	107.295
371	103.898	104.182	104.194	104.128	103.825	104.753	104.118	103.845	104.145	104.769	104.243	104.018	104.465	104.455	104.903	103.972	105.032	104.78	104.849	105.065	104.839	105.325	104.848	105.341	105.373	105.397	105.214	105.93	105.652	105.562	105.564	105.697	105.577	106.141	105.834	106.069	106.53	106.109	106.671	106.485	106.79	106.638	106.793	106.935	107.001	106.352	107.032	106.788	106.935	107.117	107.272	107.393	107.406	107.635	107.29	107.458	107.559	107.591	107.827	107.587	107.874	107.82	107.904	107.824	107.768	108.164	107.796	107.786	108.141	108.08	108.012	107.823	107.881	108.052	108.119	107.684	108.02	107.853	107.882	108.019	107.786	107.848	107.852	107.945	107.845	107.85	107.827	107.688	107.726	107.431	107.702	107.49	107.509	107.356	107.516	107.446	107.394	107.246	107.311	107.276	107.287
378	104.531	104.639	104.175	104.829	104.68	105.033	104.839	104.749	104.348	104.524	105.002	104.582	105.341	104.889	105.109	105.231	105.117	105.208	105.569	105.15	105.415	105.251	106.002	105.613	105.669	105.831	105.991	105.749	105.669	105.777	106.165	106.429	106.021	106.254	106.449	106.526	106.607	106.326	106.497	106.764	106.79	106.744	106.503	107.058	107.181	107.272	107.255	107.321	107.127	107.333	107.705	107.506	107.552	107.678	107.731	107.682	107.878	107.633	107.776	107.859	107.893	107.65	108.028	107.886	107.812	108.005	108.077	108.153	107.923	108.125	108.024	108.056	108.027	107.804	107.757	108.102	107.97	107.888	107.882	107.933	107.893	107.922	107.753	107.776	107.789	107.521	107.813	107.518	107.539	107.596	107.517	107.563	107.55	107.533	107.496	107.269	107.308	107.243	107.299	107.201	107.12
385	104.847	104.523	105.075	105.158	105.226	105.106	104.967	105.264	105.213	105.101	105.191	105.645	105.072	105.789	105.243	105.885	105.595	105.938	106.002	105.567	105.958	105.649	105.726	105.784	105.859	106.333	106.303	105.989	106.147	106.438	106.357	106.478	106.695	106.417	106.687	106.948	106.702	106.861	106.753	107.166	107.001	106.675	106.767	107.06	107.085	107.566	107.245	107.541	107.521	107.51	107.553	107.443	107.071	107.421	107.659	107.645	107.739	107.909	107.898	107.935	107.828	107.831	107.73	107.9	107.838	108.059	107.932	107.927	107.877	107.926	107.918	107.877	107.962	107.956	107.851	107.929	108.01	107.916	107.818	107.735	107.952	107.777	107.693	107.556	107.831	107.807	107.542	107.537	107.663	107.626	107.551	107.453	107.402	107.475	107.441	107.244	107.29	107.24	107.218	107.25	107.254
392	105.977	105.388	105.602	105.647	105.364	105.568	105.472	105.959	105.511	105.937	105.313	106.086	105.984	106.041	106.227	106.356	105.66	106.021	106.393	105.957	106.191	106.204	106.357	106.167	106.458	106.296	106.408	106.347	106.607	106.437	106.744	106.794	106.801	106.6	106.512	106.872	107.134	107.029	107.093	107.125	107.195	107.019	107.323	107.303	107.52	107.409	107.159	107.691	107.421	107.45	107.839	107.368	107.576	107.709	107.803	107.795	107.727	108.074	107.999	107.967	107.93	107.954	107.866	107.982	107.96	108.049	107.952	108.024	107.855	107.903	107.836	107.965	107.78	108.05	107.869	107.695	107.897	107.764	107.87	107.702	107.98	107.79	107.686	107.745	107.685	107.728	107.655	107.585	107.461	107.54	107.462	107.506	107.45	107.316	107.319	107.3	107.319	107.215	107.246	107.268	107.094
399	106.077	105.927	105.574	105.924	105.889	105.812	105.957	106.089	105.965	105.914	106.276	105.902	106.112	106.328	106.248	106.564	106.037	106.207	106.059	106.513	106.413	106.943	106.812	106.843	106.6	106.434	106.608	106.826	106.642	106.933	106.705	106.826	107.028	107.112	106.937	106.997	107.368	107.147	107.395	107.223	107.321	107.317	107.465	107.483	107.42	107.557	107.792	107.496	107.317	107.587	107.452	107.888	107.672	107.74	107.79	107.784	107.778	107.946	108.022	107.708	107.856	107.727	107.885	108.019	107.736	107.776	107.891	107.828	107.861	107.844	108.028	107.902	107.902	107.82	107.739	107.801	107.769	107.682	107.732	107.636	107.822	107.721	107.715	107.656	107.575	107.591	107.607	107.593	107.572	107.448	107.41	107.554	107.446	107.258	107.298	107.257	107.187	107.276	107.145	107.061	107.17
406	106.113	106.008	106.043	106.013	106.06	106.454	106.221	106.303	106.412	106.53	106.6	106.77	106.311	106.359	106.464	106.404	106.728	106.703	106.861	106.603	106.502	106.714	106.722	106.796	106.765	106.909	106.772	106.701	106.872	107.361	106.967	106.879	107.058	107.002	107.195	107.039	107.361	107.442	107.245	107.503	107.401	107.347	107.49	107.458	107.453	107.541	107.292	107.731	107.613	107.593	107.748	107.697	107.83	107.86	107.756	107.75	107.923	107.95	107.915	107.868	107.902	108.062	107.956	107.886	107.984	107.979	107.965	107.868	107.744	107.991	107.916	107.811	107.886	107.827	107.866	107.852	107.824	107.925	107.624	107.774	107.704	107.658	107.558	107.565	107.633	107.545	107.462	107.495	107.372	107.523	107.41	107.317	107.312	107.37	107.268	107.31	107.175	107.247	107.115	107.199	107.068
413	106.278	106.581	106.55	106.574	106.19	106.739	106.825	106.339	106.274	106.757	106.802	106.792	106.618	106.799	106.629	106.638	106.607	106.849	106.601	106.845	106.923	106.598	106.889	107.149	107.005	107.035	107.094	106.934	106.993	107.317	107.136	107.184	107.226	107.141	107.287	107.175	107.26	107.548	107.534	107.31	107.37	107.322	107.279	107.544	107.492	107.704	107.584	107.764	107.66	107.749	107.625	107.649	107.685	107.608	107.705	107.745	107.696	107.827	107.593	107.854	107.957	107.922	107.784	107.708	107.663	107.943	107.948	107.793	107.988	107.747	107.88	108.011	107.703	107.738	107.76	107.731	107.694	107.611	107.631	107.59	107.623	107.529	107.611	107.493	107.599	107.473	107.43	107.518	107.438	107.363	107.343	107.302	107.3	107.281	107.205	107.205	107.135	107.154	107.104	107.111	107.021
420	106.512	106.756	106.633	106.646	106.652	106.734	106.978	106.642	106.651	106.926	106.693	107.262	106.794	106.953	106.82	106.812	106.857	107.107	106.805	107.027	107.152	107.073	107.277	106.944	107.056	106.848	106.84	107.163	107.121	107.347	107.1	107.396	107.225	107.291	107.532	107.326	107.287	107.249	107.319	107.565	107.441	107.571	107.402	107.538	107.64	107.525	107.65	107.601	107.783	107.566	107.71	107.537	107.741	107.671	107.831	107.937	107.877	107.681	107.815	107.843	107.973	107.748	107.746	107.787	107.634	107.738	107.888	107.826	107.672	107.704	107.673	107.764	107.528	107.577	107.789	107.691	107.618	107.806	107.585	107.562	107.597	107.563	107.435	107.586	107.36	107.3	107.415	107.27	107.423	107.331	107.323	107.275	107.21	107.155	107.187	107.156	107.016	107.091	107.048	106.996	106.98
427	106.743	107.044	106.773	106.819	107.016	106.862	106.921	106.711	106.855	106.668	106.959	106.891	106.995	106.986	107.106	106.87	106.829	107.206	107.082	106.989	107.066	107.231	107.192	107.07	107.141	107.236	107.084	106.888	107.289	107.326	107.345	107.217	107.408	107.43	107.471	107.3	107.427	107.343	107.378	107.564	107.403	107.46	107.442	107.696	107.657	107.416	107.486	107.507	107.737	107.475	107.615	107.626	107.712	107.685	107.7	107.691	107.75	107.838	107.59	107.659	107.7	107.771	107.67	107.825	107.755	107.623	107.718	107.549	107.696	107.66	107.865	107.757	107.547	107.519	107.643	107.646	107.561	107.554	107.498	107.504	107.5	107.448	107.371	107.454	107.291	107.371	107.406	107.214	107.258	107.225	107.29	107.242	107.214	107.198	107.109	107.108	106.961	107.084	107.012	106.933	106.951
434	106.964	106.809	106.997	106.832	106.969	106.91	106.922	107.112	106.913	106.828	107.247	107.124	106.991	107.31	107.006	107.03	106.891	106.802	106.996	107.247	106.975	107.328	107.306	107.165	106.976	107.2	107.275	107.22	107.175	107.131	107.274	107.425	107.369	107.46	107.555	107.146	107.486	107.273	107.25	107.621	107.523	107.607	107.57	107.654	107.711	107.49	107.796	107.637	107.539	107.565	107.682	107.597	107.644	107.596	107.594	107.681	107.75	107.728	107.667	107.691	107.585	107.606	107.832	107.711	107.559	107.536	107.599	107.697	107.671	107.663	107.617	107.66	107.543	107.475	107.525	107.607	107.557	107.535	107.434	107.525	107.46	107.423	107.317	107.407	107.397	107.327	107.32	107.384	107.258	107.204	107.127	107.186	107.149	107.136	107.067	107.051	106.95	106.933	107.019	106.938	106.924
441	107.274	106.996	106.671	106.911	107.15	106.779	107.084	106.873	106.978	107.16	107.079	106.984	107.231	107.324	106.961	107.318	107.229	107.154	107.297	107.371	107.246	107.427	107.164	107.305	107.141	107.124	107.227	107.265	107.183	107.458	107.474	107.407	107.29	107.256	107.449	107.385	107.377	107.621	107.362	107.306	107.373	107.675	107.515	107.719	107.537	107.601	107.649	107.575	107.513	107.4	107.807	107.52	107.531	107.521	107.541	107.733	107.519	107.631	107.486	107.633	107.519	107.632	107.636	107.558	107.583	107.594	107.64	107.522	107.52	107.591	107.528	107.532	107.472	107.419	107.514	107.505	107.552	107.367	107.493	107.345	107.337	107.35	107.271	107.285	107.281	107.272	107.221	107.206	107.006	107.188	107.175	107.121	107.105	107.036	107.06	107.024	107	106.956	106.958	106.954	106.795
448	106.992	107.038	106.873	107.011	106.83	107.27	107.078	107.292	107.051	107.107	107.113	107.05	107.037	107.062	107.031	107.191	107.27	107.178	107.093	106.978	107.306	107.168	107.161	107.044	107.286	107.22	107.364	107.302	107.269	107.246	107.254	107.424	107.459	107.433	107.557	107.591	107.436	107.372	107.435	107.508	107.339	107.522	107.561	107.51	107.497	107.526	107.527	107.51	107.687	107.568	107.416	107.409	107.558	107.493	107.59	107.681	107.574	107.447	107.466	107.513	107.609	107.508	107.587	107.559	107.618	107.523	107.573	107.518	107.52	107.468	107.528	107.521	107.458	107.424	107.364	107.417	107.364	107.436	107.354	107.402	107.337	107.247	107.188	107.266	107.128	107.167	107.154	107.125	107.2	107.105	107	107.093	106.928	106.956	107.013	106.962	106.91	106.872	106.909	106.861	106.816
455	106.94	107.056	106.789	107.09	107.069	106.99	107.296	107.125	107.162	107.278	107.22	107.154	107.266	107.049	107.271	107.151	107.284	107.066	107.222	107.318	107.175	107.39	107.232	107.227	107.373	107.179	107.29	107.423	107.343	107.359	107.378	107.379	107.236	107.301	107.327	107.404	107.433	107.402	107.435	107.404	107.507	107.524	107.377	107.525	107.496	107.455	107.393	107.424	107.362	107.474	107.529	107.312	107.455	107.453	107.536	107.603	107.571	107.472	107.532	107.405	107.488	107.467	107.457	107.368	107.519	107.515	107.568	107.384	107.488	107.415	107.439	107.491	107.386	107.37	107.301	107.291	107.303	107.284	107.236	107.249	107.211	107.251	107.214	107.202	107.183	107.198	107.057	107.075	107.019	107.113	107.062	106.954	106.995	106.91	106.975	106.87	106.779	106.811	106.77	106.787	106.745
462	106.963	106.964	106.95	107.176	107.035	107.072	107.127	107.189	107.006	107.012	107.128	107.203	107.001	107.065	107.087	107.083	107.12	107.178	107.19	107.053	107.056	107.266	107.177	107.276	107.156	107.187	107.264	107.325	107.203	107.195	107.478	107.362	107.252	107.116	107.2	107.333	107.298	107.304	107.276	107.326	107.401	107.529	107.447	107.496	107.421	107.402	107.378	107.525	107.31	107.386	107.403	107.351	107.567	107.538	107.405	107.339	107.452	107.369	107.387	107.466	107.409	107.276	107.42	107.531	107.346	107.334	107.383	107.314	107.43	107.315	107.28	107.308	107.322	107.228	107.27	107.276	107.24	107.145	107.217	107.18	107.146	107.192	107.092	107.102	107.086	107.041	107.003	107.119	107.053	106.976	106.995	106.967	106.921	106.842	106.896	106.839	106.821	106.809	106.814	106.747	106.793
469	107.142	107.006	107.019	107.124	107.123	107.126	106.92	106.994	107.183	107.011	107.093	107.122	107.103	107.249	106.986	107.205	107.073	107.149	107.12	107.26	107.231	107.169	107.214	107.243	107.076	107.062	107.268	107.337	107.277	107.275	107.323	107.191	107.31	107.251	107.302	107.299	107.28	107.229	107.251	107.285	107.222	107.213	107.34	107.391	107.33	107.292	107.335	107.362	107.313	107.224	107.211	107.372	107.386	107.353	107.382	107.34	107.362	107.451	107.313	107.338	107.217	107.361	107.276	107.28	107.357	107.224	107.228	107.374	107.299	107.263	107.278	107.248	107.304	107.217	107.187	107.124	107.186	107.148	107.142	107.133	107.114	107.114	107.134	106.983	106.987	106.993	106.972	106.939	106.927	106.922	106.937	106.874	106.849	106.881	106.758	106.827	106.805	106.758	106.725	106.672	106.607
476	107.037	107.033	107.13	107.154	107.033	106.908	107.034	107.042	107.149	107.153	107.124	107.062	107.122	107.1	107.257	107.075	107.134	107.162	107.21	107.095	107.089	107.15	107.038	107.103	107.149	107.312	107.026	107.157	107.168	107.189	107.162	107.171	107.254	107.198	107.142	107.119	107.274	107.115	107.258	107.268	107.175	107.198	107.229	107.303	107.1	107.257	107.246	107.323	107.357	107.207	107.256	107.36	107.216	107.214	107.205	107.139	107.371	107.293	107.314	107.264	107.2	107.284	107.238	107.236	107.275	107.223	107.244	107.157	107.235	107.204	107.151	107.181	107.071	107.198	107.054	107.114	107.126	107.061	107.094	107.111	107.07	107.052	106.918	106.98	106.988	106.99	106.88	106.879	106.836	106.857	106.807	106.912	106.733	106.818	106.755	106.715	106.69	106.65	106.674	106.68	106.633
483	106.925	107.033	106.948	107.121	107.015	107.023	106.871	107.005	107.08	106.963	107.077	107.018	106.95	107.121	106.931	107.116	107.142	107.058	106.981	107.04	107.096	107.095	107.088	107.14	107.136	107.161	107.018	107.224	107.213	107.149	107.018	107.151	107.171	107.16	107.134	107.206	107.11	107.108	107.287	107.248	107.212	107.13	107.168	107.183	107.153	107.222	107.256	107.227	107.286	107.25	107.134	107.311	107.24	107.173	107.196	107.227	107.13	107.197	107.206	107.106	107.149	107.203	107.11	107.228	107.174	107.132	107.121	107.153	107.109	107.131	107.021	107.007	107.097	107.034	107.094	107.118	106.954	107.019	106.957	106.928	106.944	106.925	106.987	106.879	106.901	106.886	106.911	106.761	106.777	106.854	106.761	106.808	106.75	106.729	106.661	106.778	106.704	106.687	106.585	106.547	106.604
490	106.986	107.115	107.02	106.955	106.933	107.081	107.02	107.04	107.067	106.941	107.043	107.005	106.952	106.939	107.018	107.019	107.03	106.981	106.903	107.039	107.142	106.987	107.08	107.066	107.077	106.996	107.095	107.07	106.948	106.967	107.108	107.162	107.118	107.112	107.062	107.091	107.006	107.138	107.113	107.128	107.034	107.15	107.158	107.094	107.138	107.185	107.174	107.12	107.279	107.119	107.188	107.205	107.138	107.086	107.128	107.13	107.169	107.074	107.083	107.112	107.105	107.165	107.158	107.09	107.058	107.108	107.063	107.047	107.143	107.037	107.04	106.986	107.059	106.957	107.003	106.963	106.93	106.961	106.96	106.969	106.929	106.843	106.854	106.86	106.87	106.831	106.754	106.721	106.73	106.747	106.729	106.698	106.692	106.731	106.633	106.631	106.57	106.634	106.541	106.596	106.544
497	106.938	106.957	107.007	106.83	106.864	106.876	106.941	107.021	106.946	106.939	106.968	106.966	107.048	106.946	107.051	106.937	106.869	107.075	107.004	106.99	107.008	106.986	107.087	107.032	106.981	107.026	106.98	106.915	107.056	106.941	107.07	107.135	107.023	107.012	107.038	107.046	107.128	106.933	107.071	106.966	107.065	107.046	107.046	107.186	107.091	107.104	107.022	107.02	107.045	107.035	107.063	107.102	107.056	107.132	107.084	107.025	107.022	107.041	107.075	107.031	107.062	106.991	107.072	107	107.052	106.973	107.099	106.919	106.902	106.966	106.987	107.041	106.875	106.94	106.918	106.9	106.896	106.916	106.862	106.805	106.899	106.852	106.797	106.815	106.802	106.782	106.816	106.714	106.703	106.719	106.693	106.651	106.588	106.66	106.619	106.601	106.584	106.532	106.572	106.477	106.517
504	106.918	106.972	106.881	106.993	106.8	106.856	106.846	106.88	106.899	107	106.936	106.901	106.849	106.867	106.823	106.935	106.868	106.855	106.929	106.799	106.943	107	106.914	106.988	106.922	106.968	106.933	106.884	106.949	106.992	106.951	106.948	107.053	106.932	106.893	106.952	107.049	106.865	106.966	106.987	107.064	106.953	106.9	106.939	106.967	107.048	107.006	107.021	106.953	106.93	107.015	106.968	106.959	106.993	106.984	107.002	106.959	107.014	106.975	106.964	106.983	106.915	107.001	106.896	106.953	106.867	106.923	106.927	106.925	106.873	106.921	106.89	106.925	106.861	106.818	106.808	106.796	106.832	106.781	106.774	106.784	106.747	106.735	106.766	106.774	106.758	106.649	106.67	106.647	106.641	106.634	106.596	106.6	106.577	106.537	106.566	106.59	106.513	106.475	106.48	106.481
511	106.867	106.784	106.851	106.812	106.815	106.827	106.798	106.896	106.744	106.918	106.8	106.854	106.754	106.834	106.824	106.836	106.953	106.83	106.872	106.923	106.81	106.772	106.861	106.83	106.883	107.041	106.852	106.836	106.844	106.808	106.891	106.88	106.892	106.87	106.92	106.835	106.891	106.911	106.885	106.966	106.875	106.915	106.901	106.953	106.956	106.93	106.931	106.871	106.884	106.933	106.89	106.884	106.953	106.877	106.909	106.837	106.9	106.859	106.973	106.91	106.929	106.878	106.829	106.921	106.85	106.888	106.842	106.896	106.854	106.847	106.839	106.826	106.796	106.819	106.796	106.777	106.739	106.752	106.716	106.705	106.767	106.657	106.665	106.597	106.621	106.633	106.607	106.614	106.579	106.595	106.538	106.569	106.564	106.529	106.524	106.514	106.452	106.491	106.43	106.453	106.425
518	106.703	106.706	106.717	106.769	106.783	106.757	106.742	106.837	106.703	106.852	106.731	106.745	106.892	106.772	106.714	106.8	106.875	106.807	106.797	106.795	106.779	106.823	106.793	106.87	106.879	106.849	106.778	106.764	106.881	106.809	106.881	106.913	106.87	106.836	106.789	106.793	106.805	106.898	106.84	106.736	106.779	106.829	106.875	106.781	106.793	106.783	106.823	106.806	106.911	106.892	106.82	106.845	106.882	106.805	106.873	106.834	106.875	106.869	106.754	106.823	106.864	106.778	106.81	106.782	106.814	106.794	106.735	106.824	106.744	106.777	106.698	106.731	106.713	106.691	106.71	106.675	106.701	106.673	106.657	106.666	106.656	106.635	106.599	106.582	106.624	106.561	106.603	106.544	106.571	106.569	106.583	106.512	106.465	106.482	106.519	106.481	106.485	106.451	106.432	106.408	106.407
525	106.761	106.651	106.593	106.756	106.764	106.737	106.653	106.684	106.836	106.698	106.712	106.669	106.689	106.688	106.747	106.728	106.792	106.722	106.738	106.746	106.776	106.708	106.723	106.776	106.8	106.745	106.685	106.672	106.78	106.775	106.728	106.791	106.817	106.737	106.712	106.736	106.859	106.767	106.737	106.758	106.778	106.773	106.779	106.734	106.847	106.724	106.794	106.772	106.845	106.767	106.715	106.791	106.71	106.767	106.799	106.742	106.8	106.779	106.753	106.823	106.784	106.806	106.794	106.715	106.679	106.766	106.774	106.725	106.696	106.688	106.7	106.674	106.617	106.637	106.593	106.659	106.589	106.656	106.599	106.593	106.589	106.592	106.599	106.573	106.562	106.558	106.531	106.537	106.525	106.532	106.467	106.481	106.46	106.467	106.463	106.409	106.409	106.375	106.398	106.351	106.381
532	106.687	106.629	106.7	106.729	106.667	106.702	106.651	106.656	106.643	106.641	106.742	106.647	106.694	106.719	106.714	106.684	106.73	106.613	106.702	106.652	106.725	106.658	106.632	106.788	106.703	106.685	106.677	106.643	106.662	106.706	106.791	106.609	106.707	106.741	106.606	106.688	106.772	106.722	106.732	106.772	106.651	106.715	106.717	106.68	106.72	106.719	106.709	106.669	106.792	106.67	106.672	106.672	106.73	106.726	106.707	106.721	106.732	106.686	106.681	106.662	106.746	106.737	106.718	106.688	106.653	106.633	106.674	106.681	106.682	106.644	106.621	106.617	106.614	106.583	106.622	106.637	106.546	106.59	106.558	106.549	106.523	106.537	106.513	106.492	106.464	106.478	106.449	106.477	106.462	106.48	106.473	106.428	106.45	106.39	106.381	106.37	106.39	106.354	106.369	106.32	106.339
539	106.653	106.57	106.548	106.631	106.606	106.57	106.651	106.593	106.669	106.561	106.602	106.57	106.638	106.669	106.619	106.685	106.614	106.597	106.61	106.566	106.641	106.607	106.628	106.546	106.658	106.648	106.676	106.651	106.606	106.719	106.609	106.668	106.612	106.614	106.627	106.627	106.678	106.577	106.671	106.713	106.57	106.631	106.597	106.543	106.639	106.66	106.654	106.646	106.694	106.663	106.595	106.66	106.642	106.663	106.657	106.643	106.615	106.65	106.647	106.603	106.636	106.594	106.597	106.653	106.541	106.579	106.702	106.569	106.487	106.498	106.555	106.53	106.614	106.482	106.553	106.538	106.522	106.542	106.523	106.478	106.528	106.465	106.464	106.457	106.46	106.475	106.414	106.417	106.418	106.437	106.372	106.408	106.388	106.315	106.361	106.344	106.332	106.34	106.308	106.32	106.291
546	106.575	106.581	106.586	106.525	106.47	106.608	106.559	106.549	106.557	106.582	106.575	106.618	106.556	106.519	106.581	106.52	106.57	106.584	106.556	106.598	106.516	106.509	106.567	106.578	106.609	106.57	106.512	106.582	106.569	106.619	106.628	106.585	106.589	106.576	106.54	106.554	106.601	106.553	106.609	106.522	106.616	106.624	106.527	106.57	106.552	106.659	106.62	106.554	106.604	106.613	106.547	106.594	106.563	106.638	106.538	106.578	106.498	106.595	106.578	106.571	106.54	106.513	106.538	106.579	106.539	106.506	106.531	106.525	106.564	106.53	106.474	106.477	106.493	106.56	106.483	106.492	106.5	106.431	106.506	106.432	106.449	106.457	106.423	106.448	106.367	106.372	106.394	106.35	106.321	106.364	106.34	106.362	106.318	106.323	106.359	106.33	106.298	106.291	106.243	106.271	106.259
553	106.397	106.502	106.513	106.535	106.557	106.475	106.508	106.564	106.473	106.533	106.506	106.545	106.501	106.522	106.534	106.493	106.474	106.484	106.439	106.455	106.485	106.46	106.489	106.557	106.527	106.517	106.568	106.487	106.519	106.531	106.483	106.516	106.555	106.541	106.517	106.528	106.525	106.543	106.564	106.58	106.549	106.556	106.571	106.569	106.485	106.521	106.527	106.561	106.487	106.539	106.516	106.549	106.524	106.496	106.472	106.507	106.504	106.541	106.448	106.495	106.471	106.558	106.512	106.487	106.491	106.503	106.472	106.492	106.44	106.406	106.499	106.452	106.497	106.459	106.447	106.406	106.457	106.441	106.375	106.386	106.395	106.372	106.338	106.337	106.338	106.356	106.335	106.348	106.332	106.33	106.303	106.341	106.325	106.296	106.261	106.273	106.254	106.241	106.238	106.228	106.23
560	106.429	106.487	106.422	106.397	106.442	106.404	106.454	106.397	106.524	106.479	106.451	106.388	106.45	106.446	106.395	106.482	106.494	106.487	106.462	106.474	106.508	106.515	106.513	106.483	106.494	106.43	106.439	106.478	106.508	106.502	106.461	106.436	106.496	106.528	106.496	106.466	106.45	106.503	106.504	106.473	106.526	106.475	106.461	106.479	106.461	106.515	106.491	106.44	106.495	106.452	106.502	106.438	106.52	106.467	106.485	106.451	106.522	106.515	106.448	106.497	106.472	106.493	106.397	106.461	106.516	106.486	106.417	106.403	106.372	106.428	106.462	106.421	106.378	106.394	106.447	106.395	106.399	106.402	106.347	106.366	106.346	106.332	106.371	106.318	106.331	106.295	106.284	106.268	106.253	106.286	106.291	106.28	106.233	106.278	106.258	106.235	106.229	106.206	106.215	106.185	106.185
567	106.41	106.371	106.474	106.386	106.416	106.423	106.465	106.428	106.397	106.494	106.397	106.4	106.419	106.437	106.476	106.441	106.443	106.383	106.41	106.424	106.454	106.413	106.414	106.386	106.408	106.387	106.474	106.475	106.408	106.42	106.355	106.43	106.433	106.385	106.46	106.39	106.384	106.43	106.417	106.373	106.448	106.442	106.429	106.414	106.403	106.398	106.416	106.359	106.441	106.457	106.397	106.317	106.438	106.376	106.446	106.447	106.443	106.415	106.446	106.397	106.414	106.428	106.371	106.398	106.408	106.338	106.345	106.411	106.386	106.356	106.36	106.369	106.361	106.371	106.326	106.377	106.348	106.349	106.335	106.319	106.323	106.299	106.263	106.283	106.295	106.291	106.27	106.26	106.294	106.246	106.234	106.254	106.197	106.239	106.195	106.22	106.194	106.215	106.195	106.146	106.152
574	106.373	106.313	106.366	106.411	106.409	106.346	106.316	106.369	106.335	106.389	106.327	106.348	106.328	106.392	106.309	106.41	106.442	106.357	106.372	106.352	106.329	106.376	106.354	106.359	106.346	106.428	106.318	106.35	106.346	106.393	106.38	106.382	106.36	106.366	106.375	106.376	106.375	106.354	106.397	106.346	106.409	106.38	106.387	106.367	106.362	106.366	106.364	106.356	106.393	106.379	106.37	106.382	106.439	106.328	106.411	106.362	106.399	106.356	106.393	106.307	106.335	106.325	106.346	106.328	106.334	106.318	106.319	106.369	106.329	106.325	106.326	106.331	106.356	106.305	106.333	106.303	106.309	106.282	106.282	106.279	106.248	106.243	106.246	106.275	106.253	106.251	106.218	106.208	106.245	106.196	106.191	106.203	106.211	106.162	106.169	106.198	106.17	106.181	106.122	106.151	106.143
581	106.286	106.373	106.263	106.353	106.332	106.339	106.341	106.247	106.368	106.352	106.284	106.333	106.264	106.329	106.267	106.318	106.324	106.327	106.32	106.3	106.352	106.368	106.264	106.31	106.333	106.338	106.318	106.32	106.335	106.306	106.345	106.342	106.325	106.28	106.326	106.331	106.347	106.287	106.341	106.369	106.29	106.335	106.335	106.295	106.326	106.331	106.308	106.362	106.332	106.314	106.344	106.327	106.319	106.319	106.342	106.311	106.298	106.277	106.326	106.352	106.302	106.294	106.323	106.286	106.316	106.346	106.324	106.322	106.305	106.282	106.277	106.241	106.291	106.257	106.262	106.258	106.313	106.24	106.26	106.209	106.28	106.226	106.268	106.213	106.226	106.192	106.174	106.204	106.198	106.217	106.176	106.178	106.16	106.153	106.143	106.153	106.154	106.152	106.117	106.113	106.117
588	106.209	106.29	106.266	106.321	106.285	106.265	106.257	106.286	106.28	106.275	106.234	106.239	106.279	106.26	106.298	106.265	106.261	106.266	106.263	106.275	106.314	106.301	106.269	106.297	106.269	106.312	106.269	106.263	106.29	106.349	106.255	106.281	106.262	106.276	106.249	106.264	106.267	106.325	106.291	106.298	106.282	106.284	106.256	106.274	106.316	106.318	106.263	106.286	106.317	106.271	106.24	106.279	106.266	106.275	106.29	106.279	106.288	106.275	106.251	106.291	106.239	106.283	106.25	106.247	106.201	106.287	106.275	106.272	106.268	106.234	106.272	106.244	106.23	106.22	106.219	106.174	106.204	106.206	106.213	106.227	106.201	106.207	106.205	106.164	106.184	106.178	106.179	106.176	106.183	106.141	106.12	106.137	106.141	106.147	106.116	106.09	106.087	106.078	106.11	106.119	106.078
595	106.192	106.202	106.208	106.24	106.209	106.22	106.271	106.223	106.224	106.257	106.255	106.271	106.284	106.214	106.272	106.22	106.265	106.24	106.205	106.273	106.234	106.257	106.253	106.214	106.238	106.256	106.229	106.25	106.255	106.259	106.255	106.279	106.233	106.278	106.26	106.213	106.26	106.245	106.228	106.203	106.244	106.249	106.239	106.233	106.219	106.259	106.22	106.289	106.227	106.274	106.252	106.227	106.253	106.234	106.218	106.264	106.246	106.251	106.255	106.268	106.256	106.242	106.247	106.243	106.249	106.219	106.227	106.252	106.191	106.242	106.227	106.198	106.189	106.177	106.18	106.202	106.192	106.172	106.178	106.16	106.156	106.19	106.14	106.159	106.143	106.153	106.126	106.137	106.11	106.083	106.133	106.095	106.103	106.117	106.071	106.058	106.094	106.07	106.065	106.04	106.066
602	106.178	106.229	106.173	106.213	106.204	106.256	106.234	106.2	106.111	106.232	106.211	106.172	106.207	106.207	106.232	106.187	106.225	106.22	106.213	106.206	106.171	106.185	106.22	106.23	106.214	106.19	106.21	106.178	106.193	106.211	106.231	106.203	106.204	106.162	106.197	106.167	106.221	106.199	106.16	106.227	106.196	106.248	106.231	106.186	106.187	106.189	106.201	106.21	106.201	106.18	106.183	106.174	106.213	106.169	106.177	106.201	106.19	106.203	106.252	106.206	106.193	106.167	106.192	106.18	106.195	106.204	106.148	106.192	106.2	106.183	106.205	106.157	106.156	106.165	106.161	106.159	106.133	106.121	106.114	106.134	106.125	106.118	106.112	106.137	106.133	106.122	106.103	106.094	106.098	106.104	106.091	106.06	106.074	106.076	106.079	106.058	106.072	106.08	106.063	106.053	106.027
609	106.169	106.148	106.187	106.193	106.184	106.139	106.12	106.162	106.149	106.176	106.154	106.174	106.18	106.151	106.157	106.17	106.185	106.147	106.15	106.182	106.136	106.144	106.142	106.141	106.135	106.168	106.177	106.163	106.185	106.142	106.181	106.14	106.159	106.183	106.193	106.141	106.168	106.213	106.194	106.161	106.166	106.125	106.153	106.147	106.154	106.165	106.142	106.185	106.15	106.173	106.159	106.164	106.18	106.174	106.16	106.133	106.169	106.151	106.15	106.113	106.15	106.151	106.174	106.179	106.148	106.128	106.135	106.162	106.117	106.135	106.129	106.122	106.115	106.132	106.086	106.126	106.12	106.105	106.112	106.111	106.074	106.079	106.111	106.095	106.065	106.101	106.089	106.095	106.095	106.082	106.043	106.042	106.077	106.032	106.054	106.029	106.029	106.019	106.016	106.03	106.005
616	106.108	106.095	106.115	106.161	106.142	106.117	106.102	106.143	106.119	106.134	106.125	106.168	106.119	106.087	106.109	106.166	106.156	106.16	106.115	106.119	106.126	106.129	106.129	106.114	106.121	106.17	106.115	106.103	106.164	106.116	106.144	106.121	106.176	106.102	106.143	106.14	106.161	106.134	106.154	106.137	106.127	106.144	106.148	106.138	106.131	106.134	106.128	106.119	106.126	106.132	106.147	106.113	106.086	106.131	106.152	106.103	106.144	106.103	106.133	106.068	106.11	106.119	106.143	106.124	106.099	106.112	106.114	106.124	106.105	106.067	106.108	106.09	106.076	106.111	106.115	106.121	106.097	106.09	106.093	106.09	106.097	106.074	106.051	106.063	106.08	106.069	106.054	106.065	106.033	106.021	106.023	106.037	106.017	106.048	106.033	106.018	106.03	106.013	106.012	105.991	106.016
623	106.105	106.136	106.115	106.102	106.167	106.116	106.069	106.088	106.099	106.084	106.076	106.083	106.082	106.096	106.094	106.069	106.089	106.123	106.063	106.111	106.095	106.101	106.119	106.105	106.125	106.082	106.106	106.118	106.073	106.126	106.115	106.092	106.13	106.104	106.088	106.116	106.09	106.074	106.088	106.093	106.098	106.101	106.087	106.109	106.105	106.07	106.115	106.07	106.063	106.078	106.104	106.123	106.074	106.12	106.115	106.101	106.106	106.07	106.068	106.158	106.084	106.089	106.068	106.077	106.064	106.095	106.085	106.071	106.073	106.114	106.065	106.081	106.068	106.08	106.079	106.06	106.074	106.059	106.048	106.039	106.047	106.027	106.073	106.048	106.032	106.065	106.03	106.038	106.021	106.016	106.003	106.007	105.994	105.962	106.007	106.006	105.979	105.985	105.984	105.969	105.975
630	106.049	106.047	106.079	106.088	106.09	106.064	106.042	106.071	106.039	106.102	106.07	106.04	106.093	106.071	106.066	106.077	106.047	106.071	106.064	106.068	106.035	106.082	106.045	106.062	106.053	106.073	106.087	106.07	106.08	106.081	106.055	106.052	106.029	106.086	106.086	106.082	106.061	106.045	106.066	106.06	106.072	106.05	106.082	106.12	106.061	106.028	106.061	106.079	106.064	106.092	106.063	106.081	106.097	106.111	106.087	106.081	106.042	106.06	106.067	106.077	106.056	106.059	106.053	106.07	106.064	106.065	106.065	106.059	106.044	106.037	106.042	106.072	106.038	106.054	106.047	106.049	106.044	106.019	106.014	106.039	106.025	106.029	106.023	106.021	105.979	105.991	106.002	106.023	105.997	105.983	105.994	105.996	105.983	105.979	105.982	105.983	105.978	105.991	105.95	105.96	105.959
637	106.049	106.08	106.052	106.032	106.059	106.081	106.048	106.03	106.028	106.029	106.046	106.049	106.035	106.071	106.03	106.046	106.025	106.063	106.055	106.064	106.028	106.057	106.002	106.028	106.037	106.041	106.033	106.05	106.049	106.037	106.015	106.043	106.031	106.068	106.067	106.031	106.044	106.068	106.067	106.042	106.037	106.019	106.046	106.058	106.044	106.068	106.026	106.043	106.036	106.059	106.069	106.045	106.032	105.988	106.017	106.04	106.037	106.033	106.017	106.05	106.042	106	106.021	106.034	106.053	106.032	106.066	106.022	106.033	106.043	105.998	106.017	106.057	106.028	106.02	106.015	106.025	106.023	105.996	105.98	105.982	105.994	106.011	105.981	106.007	105.981	105.988	105.975	105.979	105.948	105.986	105.986	105.965	105.957	105.959	105.959	105.934	105.952	105.958	105.933	105.95
644	105.993	106.019	106.03	105.99	105.998	106.014	106.017	106.053	106.02	106.007	106.012	106.038	106.025	106.003	106.029	106.003	106.005	106.012	106.014	106.025	106.011	106.027	106.037	106.065	106.011	106.021	106.013	106.031	106.015	106.022	106.029	106.031	106.016	106.02	105.989	106.003	106.041	106.018	106.011	106.039	106.003	106.022	106.025	106.023	105.978	106.006	106.018	105.996	105.993	106.038	106.004	105.992	106.016	106.011	106.033	106.04	106.026	106.021	106.006	106.013	106.023	106.02	106.029	106.011	106.031	106.019	106.009	106.002	105.997	105.98	106.002	105.969	105.971	106.017	105.995	105.973	105.97	105.985	105.971	106.001	105.952	105.982	105.964	105.976	105.971	105.971	105.965	105.958	105.971	105.943	105.963	105.951	105.962	105.956	105.924	105.94	105.935	105.936	105.95	105.931	105.911
651	106.002	105.995	106.003	105.971	105.973	105.978	105.996	105.974	106.001	105.99	105.985	105.969	105.985	105.979	105.952	105.991	106.002	106.005	105.978	105.997	106.016	105.987	105.998	105.98	106.03	105.994	105.993	105.971	105.988	105.988	106.005	105.985	105.996	105.969	106.011	105.998	106.013	106.002	105.98	105.996	105.981	106.005	105.986	105.975	105.985	105.988	106.004	105.964	106.006	105.994	105.997	105.999	105.991	105.971	105.968	105.982	105.994	106.007	105.965	106	105.974	105.981	105.982	105.99	105.988	105.963	105.982	106	105.98	105.957	106.004	105.996	105.945	105.974	105.957	105.969	105.975	105.989	105.969	105.956	105.969	105.95	105.949	105.934	105.959	105.951	105.941	105.925	105.918	105.943	105.925	105.946	105.933	105.907	105.929	105.931	105.917	105.933	105.9	105.911	105.896
658	105.941	105.981	105.974	105.96	105.965	105.958	105.961	105.954	105.942	105.974	105.945	105.971	105.962	105.965	105.944	105.967	105.987	105.963	105.964	105.981	105.986	105.97	105.963	105.943	105.971	105.966	105.97	105.966	105.983	105.965	105.961	105.967	105.955	105.996	105.937	105.963	105.935	105.956	105.968	105.964	105.975	105.98	105.978	105.96	105.971	105.987	105.968	105.962	105.96	105.963	105.998	105.967	105.95	105.968	105.998	105.988	105.978	105.967	105.962	105.985	105.95	105.979	105.964	105.959	105.943	105.953	105.967	105.945	105.959	105.935	105.957	105.934	105.942	105.954	105.953	105.953	105.941	105.924	105.943	105.9	105.921	105.938	105.926	105.923	105.902	105.921	105.915	105.938	105.927	105.924	105.916	105.918	105.914	105.912	105.914	105.913	105.902	105.901	105.903	105.898	105.887
665	105.942	105.966	105.932	105.943	105.93	105.939	105.92	105.979	105.939	105.948	105.951	105.935	105.94	105.928	105.931	105.932	105.958	105.951	105.94	105.932	105.933	105.957	105.956	105.942	105.953	105.966	105.942	105.971	105.962	105.973	105.955	105.944	105.967	105.959	105.948	105.938	105.953	105.944	105.943	105.933	105.949	105.935	105.949	105.935	105.949	105.946	105.965	105.97	105.925	105.955	105.968	105.941	105.938	105.952	105.963	105.965	105.961	105.946	105.945	105.942	105.945	105.943	105.932	105.951	105.939	105.935	105.958	105.944	105.938	105.936	105.929	105.943	105.943	105.935	105.939	105.945	105.913	105.93	105.941	105.912	105.912	105.927	105.929	105.903	105.919	105.899	105.895	105.907	105.896	105.915	105.904	105.913	105.9	105.89	105.89	105.905	105.91	105.9	105.881	105.889	105.874
672	105.946	105.914	105.932	105.961	105.944	105.938	105.937	105.91	105.918	105.916	105.943	105.932	105.937	105.929	105.941	105.933	105.915	105.933	105.934	105.931	105.906	105.928	105.938	105.937	105.931	105.936	105.935	105.932	105.95	105.923	105.928	105.956	105.949	105.94	105.924	105.904	105.943	105.927	105.928	105.937	105.948	105.936	105.947	105.936	105.945	105.901	105.936	105.914	105.932	105.93	105.924	105.921	105.917	105.911	105.935	105.936	105.952	105.921	105.924	105.927	105.913	105.924	105.899	105.932	105.925	105.932	105.92	105.936	105.943	105.92	105.927	105.935	105.912	105.917	105.917	105.898	105.912	105.91	105.878	105.9	105.891	105.903	105.903	105.918	105.909	105.887	105.892	105.886	105.909	105.898	105.883	105.903	105.861	105.887	105.88	105.866	105.877	105.865	105.873	105.854	105.885
679	105.908	105.913	105.901	105.928	105.918	105.909	105.904	105.911	105.909	105.911	105.928	105.896	105.905	105.893	105.911	105.942	105.875	105.937	105.915	105.905	105.921	105.907	105.907	105.892	105.926	105.919	105.911	105.91	105.929	105.916	105.931	105.906	105.906	105.911	105.903	105.92	105.898	105.892	105.898	105.905	105.929	105.901	105.921	105.898	105.904	105.916	105.912	105.905	105.919	105.898	105.905	105.92	105.904	105.928	105.888	105.892	105.918	105.91	105.926	105.92	105.907	105.915	105.917	105.921	105.901	105.913	105.903	105.907	105.901	105.903	105.901	105.898	105.894	105.887	105.89	105.91	105.885	105.909	105.906	105.869	105.868	105.891	105.887	105.88	105.879	105.869	105.871	105.866	105.877	105.867	105.872	105.882	105.875	105.881	105.868	105.859	105.856	105.872	105.848	105.851	105.852
686	105.883	105.906	105.897	105.899	105.874	105.903	105.9	105.902	105.891	105.915	105.904	105.908	105.897	105.889	105.899	105.902	105.9	105.897	105.918	105.908	105.886	105.89	105.923	105.861	105.882	105.897	105.889	105.91	105.896	105.886	105.893	105.884	105.87	105.881	105.894	105.884	105.887	105.899	105.896	105.886	105.893	105.886	105.881	105.867	105.887	105.908	105.889	105.892	105.907	105.898	105.903	105.898	105.882	105.877	105.904	105.89	105.881	105.899	105.887	105.883	105.893	105.864	105.903	105.884	105.891	105.898	105.874	105.871	105.884	105.877	105.891	105.882	105.886	105.88	105.889	105.868	105.873	105.881	105.878	105.864	105.881	105.868	105.877	105.868	105.869	105.877	105.865	105.876	105.87	105.876	105.861	105.851	105.846	105.84	105.857	105.848	105.853	105.85	105.856	105.852	105.833
693	105.886	105.861	105.896	105.897	105.865	105.88	105.9	105.88	105.885	105.9	105.879	105.888	105.88	105.886	105.878	105.88	105.888	105.871	105.875	105.912	105.855	105.856	105.867	105.874	105.89	105.866	105.844	105.875	105.86	105.876	105.877	105.879	105.884	105.864	105.881	105.892	105.89	105.891	105.877	105.882	105.876	105.868	105.874	105.876	105.869	105.875	105.9	105.874	105.883	105.9	105.883	105.891	105.878	105.896	105.853	105.883	105.878	105.882	105.896	105.864	105.877	105.886	105.873	105.874	105.868	105.854	105.876	105.865	105.876	105.865	105.876	105.884	105.875	105.862	105.877	105.879	105.881	105.846	105.879	105.876	105.857	105.855	105.855	105.847	105.865	105.859	105.843	105.884	105.855	105.867	105.861	105.854	105.836	105.858	105.834	105.829	105.845	105.84	105.829	105.846	105.831
700	105.841	105.879	105.856	105.881	105.88	105.885	105.858	105.859	105.866	105.884	105.857	105.875	105.866	105.88	105.865	105.885	105.876	105.877	105.86	105.873	105.842	105.863	105.858	105.859	105.865	105.882	105.868	105.857	105.865	105.855	105.861	105.854	105.876	105.87	105.841	105.863	105.876	105.871	105.854	105.874	105.871	105.864	105.862	105.867	105.877	105.853	105.87	105.861	105.864	105.886	105.884	105.869	105.861	105.884	105.869	105.888	105.861	105.852	105.872	105.861	105.858	105.855	105.852	105.847	105.875	105.868	105.875	105.854	105.849	105.862	105.861	105.853	105.863	105.86	105.884	105.855	105.847	105.848	105.846	105.848	105.854	105.848	105.858	105.848	105.842	105.843	105.86	105.863	105.845	105.847	105.85	105.84	105.844	105.827	105.847	105.839	105.827	105.838	105.836	105.818	105.803
